Order ID,Order Date,Customer ID,City,Product,Category,Quantity,Price,Revenue,Month
1,2023-01-01,1407,Delhi,Laptop,Electronics,4.0,3581.0,14324,1
2,2023-01-02,1944,Chennai,Headphones,Accessories,7.0,2932.0,20524,1
3,2023-01-03,1870,Hyderabad,Laptop,Electronics,5.0,4164.0,20820,1
4,2023-01-04,1823,Hyderabad,Tablet,Gadgets,8.0,3889.0,31112,1
5,2023-01-05,1758,Mumbai,Mobile,Accessories,5.0,1669.0,8345,1
6,2023-01-06,1045,,Laptop,Gadgets,6.0,3464.0,20784,1
7,2023-01-07,1164,Mumbai,Smartwatch,Accessories,8.0,2736.0,21888,1
8,2023-01-08,1867,Mumbai,Tablet,Electronics,8.0,3981.0,31848,1
9,2023-01-09,1002,Mumbai,Tablet,Electronics,6.0,1811.0,10866,1
10,2023-01-10,1599,Delhi,Laptop,Accessories,3.0,497.0,1491,1
11,2023-01-11,1984,Bangalore,Headphones,Gadgets,4.0,,14244,1
12,2023-01-12,1099,Chennai,Mobile,Electronics,1.0,2287.0,2287,1
13,2023-01-13,1855,Delhi,Headphones,Accessories,2.0,4380.0,8760,1
14,2023-01-14,1706,Chennai,Tablet,Gadgets,2.0,2901.0,5802,1
15,2023-01-15,1463,Chennai,Mobile,Accessories,5.0,2946.0,14730,1
16,2023-01-16,1659,Delhi,Smartwatch,Accessories,4.0,3521.0,14084,1
17,2023-01-17,1130,Mumbai,Headphones,Electronics,6.0,3611.0,21666,1
18,2023-01-18,1574,Delhi,Laptop,Gadgets,1.0,308.0,308,1
19,2023-01-19,1698,Mumbai,Smartwatch,Accessories,9.0,4619.0,41571,1
20,2023-01-20,1967,Delhi,Tablet,Electronics,7.0,3540.0,24780,1
21,2023-01-21,1077,Bangalore,Headphones,Gadgets,,1544.0,7720,1
22,2023-01-22,1581,Chennai,Laptop,Accessories,4.0,3757.0,15028,1
23,2023-01-23,1918,Mumbai,Smartwatch,Accessories,9.0,1300.0,11700,1
24,2023-01-24,1053,Delhi,Tablet,Gadgets,1.0,606.0,606,1
25,2023-01-25,1266,Hyderabad,Headphones,Gadgets,2.0,2837.0,5674,1
26,2023-01-26,1978,Chennai,Smartwatch,Gadgets,4.0,2837.0,11348,1
27,2023-01-27,1005,Chennai,Mobile,Gadgets,9.0,536.0,4824,1
28,2023-01-28,1949,Bangalore,Tablet,Gadgets,4.0,894.0,3576,1
29,2023-01-29,1111,Delhi,Headphones,Accessories,2.0,211.0,422,1
30,2023-01-30,1367,Mumbai,Mobile,Accessories,9.0,2963.0,26667,1
31,2023-01-31,1144,Mumbai,Mobile,Electronics,3.0,4359.0,13077,1
32,2023-02-01,1964,Hyderabad,Laptop,Gadgets,3.0,4455.0,13365,2
33,2023-02-02,1331,Hyderabad,Headphones,Gadgets,9.0,3085.0,27765,2
34,2023-02-03,1809,Mumbai,Headphones,Electronics,7.0,1424.0,9968,2
35,2023-02-04,1684,Hyderabad,Tablet,Gadgets,4.0,3286.0,13144,2
36,2023-02-05,1511,Delhi,Tablet,Accessories,9.0,1823.0,16407,2
37,2023-02-06,1086,Delhi,Smartwatch,Gadgets,8.0,328.0,2624,2
38,2023-02-07,1142,Bangalore,Laptop,Accessories,4.0,2064.0,8256,2
39,2023-02-08,1517,Bangalore,Smartwatch,Electronics,9.0,3319.0,29871,2
40,2023-02-09,1339,Hyderabad,Laptop,Gadgets,5.0,670.0,3350,2
41,2023-02-10,1290,Mumbai,Mobile,Accessories,7.0,4827.0,33789,2
42,2023-02-11,1930,Delhi,Tablet,Gadgets,6.0,4174.0,25044,2
43,2023-02-12,1041,Hyderabad,Mobile,Accessories,9.0,3406.0,30654,2
44,2023-02-13,1795,Hyderabad,Smartwatch,Accessories,5.0,3544.0,17720,2
45,2023-02-14,1797,Delhi,Mobile,Accessories,5.0,185.0,925,2
46,2023-02-15,1989,Hyderabad,Laptop,Electronics,8.0,4778.0,38224,2
47,2023-02-16,1314,Mumbai,Headphones,Accessories,2.0,1958.0,3916,2
48,2023-02-17,1688,Delhi,Mobile,Electronics,7.0,735.0,5145,2
49,2023-02-18,1631,Chennai,Mobile,Electronics,1.0,380.0,380,2
50,2023-02-19,1999,Delhi,Laptop,Electronics,4.0,4962.0,19848,2
51,2023-02-20,1966,Hyderabad,Tablet,Electronics,6.0,1010.0,6060,2
52,2023-02-21,1830,Delhi,Headphones,Accessories,5.0,251.0,1255,2
53,2023-02-22,1803,Bangalore,Laptop,Gadgets,3.0,363.0,1089,2
54,2023-02-23,1682,Hyderabad,Tablet,Gadgets,7.0,4468.0,31276,2
55,2023-02-24,1653,Mumbai,Headphones,Gadgets,8.0,4176.0,33408,2
56,2023-02-25,1030,Hyderabad,Smartwatch,Accessories,6.0,4519.0,27114,2
57,2023-02-26,1533,Bangalore,Mobile,Gadgets,3.0,2439.0,7317,2
58,2023-02-27,1163,Hyderabad,Headphones,Accessories,8.0,1436.0,11488,2
59,2023-02-28,1563,Bangalore,Mobile,Accessories,1.0,1068.0,1068,2
60,2023-03-01,1911,Mumbai,Headphones,Accessories,3.0,4803.0,14409,3
61,2023-03-02,1229,Bangalore,Mobile,Electronics,5.0,545.0,2725,3
62,2023-03-03,1176,Mumbai,Headphones,Accessories,7.0,4111.0,28777,3
63,2023-03-04,1010,Bangalore,Headphones,Electronics,2.0,2885.0,5770,3
64,2023-03-05,1033,Bangalore,Tablet,Accessories,5.0,1909.0,9545,3
65,2023-03-06,1721,Bangalore,Smartwatch,Accessories,9.0,3790.0,34110,3
66,2023-03-07,1880,Mumbai,Tablet,Gadgets,9.0,4612.0,41508,3
67,2023-03-08,1016,Bangalore,Headphones,Electronics,1.0,172.0,172,3
68,2023-03-09,1544,Delhi,Mobile,Accessories,7.0,1877.0,13139,3
69,2023-03-10,1025,Delhi,Smartwatch,Accessories,2.0,4918.0,9836,3
70,2023-03-11,1238,Delhi,Mobile,Electronics,6.0,1081.0,6486,3
71,2023-03-12,1992,Delhi,Headphones,Gadgets,5.0,4050.0,20250,3
72,2023-03-13,1318,Bangalore,Mobile,Electronics,2.0,227.0,454,3
73,2023-03-14,1381,Delhi,Headphones,Accessories,2.0,4691.0,9382,3
74,2023-03-15,1378,Bangalore,Mobile,Electronics,1.0,1601.0,1601,3
75,2023-03-16,1592,Chennai,Headphones,Electronics,7.0,2446.0,17122,3
76,2023-03-17,1033,Delhi,Laptop,Electronics,4.0,3636.0,14544,3
77,2023-03-18,1544,Mumbai,Mobile,Gadgets,2.0,3666.0,7332,3
78,2023-03-19,1506,Delhi,Smartwatch,Gadgets,5.0,1132.0,5660,3
79,2023-03-20,1249,Delhi,Tablet,Accessories,7.0,767.0,5369,3
80,2023-03-21,1836,Delhi,Mobile,Gadgets,8.0,4804.0,38432,3
81,2023-03-22,1221,Chennai,Smartwatch,Electronics,2.0,424.0,848,3
82,2023-03-23,1876,Mumbai,Laptop,Gadgets,1.0,529.0,529,3
83,2023-03-24,1682,Bangalore,Smartwatch,Accessories,7.0,1749.0,12243,3
84,2023-03-25,1306,Mumbai,Mobile,Accessories,3.0,2447.0,7341,3
85,2023-03-26,1718,Hyderabad,Mobile,Gadgets,7.0,4488.0,31416,3
86,2023-03-27,1555,Bangalore,Laptop,Electronics,9.0,4087.0,36783,3
87,2023-03-28,1802,Mumbai,Headphones,Gadgets,9.0,2573.0,23157,3
88,2023-03-29,1422,Delhi,Mobile,Gadgets,6.0,2399.0,14394,3
89,2023-03-30,1429,Chennai,Headphones,Gadgets,7.0,135.0,945,3
90,2023-03-31,1397,Hyderabad,Tablet,Electronics,5.0,2622.0,13110,3
91,2023-04-01,1436,Chennai,Laptop,Gadgets,5.0,3900.0,19500,4
92,2023-04-02,1076,Mumbai,Tablet,Accessories,3.0,2252.0,6756,4
93,2023-04-03,1208,Delhi,Headphones,Electronics,9.0,2896.0,26064,4
94,2023-04-04,1999,Bangalore,Tablet,Electronics,4.0,1632.0,6528,4
95,2023-04-05,1751,Bangalore,Smartwatch,Gadgets,7.0,3873.0,27111,4
96,2023-04-06,1347,Mumbai,Laptop,Electronics,6.0,2852.0,17112,4
97,2023-04-07,1270,Delhi,Tablet,Electronics,6.0,3579.0,21474,4
98,2023-04-08,1918,Mumbai,Mobile,Accessories,8.0,2552.0,20416,4
99,2023-04-09,1856,Mumbai,Laptop,Accessories,5.0,3535.0,17675,4
100,2023-04-10,1455,Bangalore,Laptop,Accessories,6.0,2500.0,15000,4
101,2023-04-11,1951,Mumbai,Tablet,Accessories,5.0,2314.0,11570,4
102,2023-04-12,1674,Mumbai,Mobile,Gadgets,7.0,2483.0,17381,4
103,2023-04-13,1746,Delhi,Headphones,Accessories,5.0,2424.0,12120,4
104,2023-04-14,1400,Mumbai,Smartwatch,Electronics,4.0,324.0,1296,4
105,2023-04-15,1996,Mumbai,Smartwatch,Electronics,4.0,393.0,1572,4
106,2023-04-16,1672,Bangalore,Laptop,Gadgets,8.0,1682.0,13456,4
107,2023-04-17,1250,Mumbai,Laptop,Gadgets,9.0,4237.0,38133,4
108,2023-04-18,1773,Hyderabad,Smartwatch,Gadgets,2.0,1714.0,3428,4
109,2023-04-19,1353,Chennai,Mobile,Electronics,2.0,1878.0,3756,4
110,2023-04-20,1091,Hyderabad,Tablet,Accessories,8.0,3764.0,30112,4
111,2023-04-21,1386,Hyderabad,Tablet,Accessories,6.0,3749.0,22494,4
112,2023-04-22,1710,Bangalore,Tablet,Accessories,6.0,2838.0,17028,4
113,2023-04-23,1615,Chennai,Laptop,Electronics,3.0,2733.0,8199,4
114,2023-04-24,1324,Bangalore,Mobile,Electronics,6.0,2814.0,16884,4
115,2023-04-25,1965,Chennai,Smartwatch,Electronics,2.0,1014.0,2028,4
116,2023-04-26,1814,Bangalore,Tablet,Gadgets,8.0,4745.0,37960,4
117,2023-04-27,1985,Bangalore,Smartwatch,Accessories,4.0,1623.0,6492,4
118,2023-04-28,1975,Delhi,Smartwatch,Accessories,6.0,2177.0,13062,4
119,2023-04-29,1361,Hyderabad,Laptop,Gadgets,4.0,896.0,3584,4
120,2023-04-30,1562,Hyderabad,Mobile,Accessories,5.0,2244.0,11220,4
121,2023-05-01,1821,Bangalore,Laptop,Electronics,9.0,1962.0,17658,5
122,2023-05-02,1216,Bangalore,Smartwatch,Electronics,1.0,1273.0,1273,5
123,2023-05-03,1685,Bangalore,Headphones,Gadgets,9.0,3183.0,28647,5
124,2023-05-04,1234,Chennai,Laptop,Gadgets,8.0,4060.0,32480,5
125,2023-05-05,1322,Hyderabad,Tablet,Accessories,5.0,687.0,3435,5
126,2023-05-06,1212,Delhi,Tablet,Gadgets,1.0,1917.0,1917,5
127,2023-05-07,1586,Delhi,Smartwatch,Gadgets,1.0,2246.0,2246,5
128,2023-05-08,1916,Hyderabad,Mobile,Electronics,2.0,3748.0,7496,5
129,2023-05-09,1307,Bangalore,Mobile,Accessories,5.0,2923.0,14615,5
130,2023-05-10,1907,Chennai,Mobile,Electronics,2.0,531.0,1062,5
131,2023-05-11,1650,Delhi,Tablet,Electronics,6.0,1066.0,6396,5
132,2023-05-12,1648,Hyderabad,Laptop,Electronics,9.0,3770.0,33930,5
133,2023-05-13,1104,Delhi,Headphones,Accessories,3.0,2732.0,8196,5
134,2023-05-14,1749,Chennai,Mobile,Gadgets,8.0,385.0,3080,5
135,2023-05-15,1860,Bangalore,Tablet,Accessories,4.0,3309.0,13236,5
136,2023-05-16,1155,Delhi,Mobile,Gadgets,1.0,3266.0,3266,5
137,2023-05-17,1464,Bangalore,Tablet,Electronics,7.0,3377.0,23639,5
138,2023-05-18,1261,Bangalore,Tablet,Gadgets,7.0,3402.0,23814,5
139,2023-05-19,1947,Delhi,Tablet,Electronics,6.0,2207.0,13242,5
140,2023-05-20,1704,Delhi,Headphones,Gadgets,7.0,4241.0,29687,5
141,2023-05-21,1711,Chennai,Headphones,Electronics,7.0,1542.0,10794,5
142,2023-05-22,1954,Bangalore,Headphones,Gadgets,3.0,1510.0,4530,5
143,2023-05-23,1712,Chennai,Mobile,Gadgets,3.0,655.0,1965,5
144,2023-05-24,1169,Bangalore,Headphones,Accessories,5.0,616.0,3080,5
145,2023-05-25,1071,Mumbai,Smartwatch,Electronics,1.0,3172.0,3172,5
146,2023-05-26,1873,Delhi,Mobile,Gadgets,7.0,3830.0,26810,5
147,2023-05-27,1187,Mumbai,Laptop,Accessories,7.0,2951.0,20657,5
148,2023-05-28,1472,Mumbai,Headphones,Electronics,1.0,3067.0,3067,5
149,2023-05-29,1751,Delhi,Laptop,Electronics,4.0,4134.0,16536,5
150,2023-05-30,1028,Bangalore,Mobile,Accessories,6.0,4721.0,28326,5
151,2023-05-31,1282,Hyderabad,Mobile,Electronics,2.0,2050.0,4100,5
152,2023-06-01,1597,Hyderabad,Smartwatch,Accessories,7.0,1363.0,9541,6
153,2023-06-02,1623,Mumbai,Smartwatch,Accessories,4.0,4013.0,16052,6
154,2023-06-03,1274,Bangalore,Headphones,Accessories,4.0,1748.0,6992,6
155,2023-06-04,1395,Hyderabad,Headphones,Gadgets,3.0,1589.0,4767,6
156,2023-06-05,1310,Mumbai,Smartwatch,Accessories,8.0,2604.0,20832,6
157,2023-06-06,1147,Bangalore,Mobile,Electronics,3.0,2800.0,8400,6
158,2023-06-07,1044,Bangalore,Headphones,Gadgets,5.0,273.0,1365,6
159,2023-06-08,1947,Bangalore,Tablet,Accessories,2.0,3492.0,6984,6
160,2023-06-09,1943,Bangalore,Smartwatch,Gadgets,8.0,3684.0,29472,6
161,2023-06-10,1175,Bangalore,Smartwatch,Electronics,6.0,4424.0,26544,6
162,2023-06-11,1787,Delhi,Tablet,Electronics,9.0,347.0,3123,6
163,2023-06-12,1174,Mumbai,Headphones,Accessories,9.0,2008.0,18072,6
164,2023-06-13,1321,Chennai,Mobile,Electronics,9.0,3092.0,27828,6
165,2023-06-14,1331,Delhi,Tablet,Gadgets,1.0,890.0,890,6
166,2023-06-15,1216,Mumbai,Laptop,Electronics,3.0,1453.0,4359,6
167,2023-06-16,1481,Bangalore,Mobile,Accessories,2.0,2232.0,4464,6
168,2023-06-17,1080,Hyderabad,Smartwatch,Accessories,2.0,842.0,1684,6
169,2023-06-18,1068,Hyderabad,Tablet,Accessories,6.0,3003.0,18018,6
170,2023-06-19,1675,Chennai,Tablet,Electronics,2.0,2132.0,4264,6
171,2023-06-20,1793,Mumbai,Smartwatch,Electronics,5.0,3434.0,17170,6
172,2023-06-21,1778,Mumbai,Tablet,Accessories,5.0,3930.0,19650,6
173,2023-06-22,1055,Hyderabad,Mobile,Electronics,1.0,1806.0,1806,6
174,2023-06-23,1821,Mumbai,Tablet,Accessories,2.0,1050.0,2100,6
175,2023-06-24,1756,Chennai,Headphones,Accessories,4.0,4773.0,19092,6
176,2023-06-25,1777,Chennai,Headphones,Accessories,9.0,807.0,7263,6
177,2023-06-26,1808,Mumbai,Smartwatch,Accessories,4.0,141.0,564,6
178,2023-06-27,1167,Mumbai,Mobile,Electronics,9.0,4765.0,42885,6
179,2023-06-28,1968,Chennai,Headphones,Accessories,8.0,4831.0,38648,6
180,2023-06-29,1104,Hyderabad,Laptop,Gadgets,1.0,2272.0,2272,6
181,2023-06-30,1024,Mumbai,Headphones,Electronics,8.0,1550.0,12400,6
182,2023-07-01,1392,Mumbai,Laptop,Gadgets,4.0,139.0,556,7
183,2023-07-02,1234,Bangalore,Smartwatch,Electronics,6.0,1638.0,9828,7
184,2023-07-03,1805,Delhi,Laptop,Electronics,3.0,3594.0,10782,7
185,2023-07-04,1951,Delhi,Headphones,Gadgets,3.0,1084.0,3252,7
186,2023-07-05,1661,Chennai,Tablet,Gadgets,2.0,4095.0,8190,7
187,2023-07-06,1514,Bangalore,Laptop,Gadgets,1.0,4509.0,4509,7
188,2023-07-07,1948,Chennai,Mobile,Electronics,1.0,4977.0,4977,7
189,2023-07-08,1071,Hyderabad,Tablet,Electronics,9.0,4479.0,40311,7
190,2023-07-09,1045,Delhi,Mobile,Gadgets,1.0,4269.0,4269,7
191,2023-07-10,1873,Delhi,Headphones,Electronics,1.0,1346.0,1346,7
192,2023-07-11,1588,Bangalore,Tablet,Accessories,8.0,724.0,5792,7
193,2023-07-12,1276,Hyderabad,Laptop,Electronics,2.0,4101.0,8202,7
194,2023-07-13,1684,Hyderabad,Mobile,Electronics,8.0,3554.0,28432,7
195,2023-07-14,1115,Hyderabad,Mobile,Electronics,3.0,1681.0,5043,7
196,2023-07-15,1427,Bangalore,Tablet,Electronics,2.0,835.0,1670,7
197,2023-07-16,1716,Chennai,Headphones,Electronics,1.0,2103.0,2103,7
198,2023-07-17,1576,Delhi,Laptop,Gadgets,2.0,506.0,1012,7
199,2023-07-18,1684,Hyderabad,Smartwatch,Gadgets,3.0,560.0,1680,7
200,2023-07-19,1603,Chennai,Laptop,Gadgets,1.0,534.0,534,7
201,2023-07-20,1881,Hyderabad,Smartwatch,Gadgets,1.0,2378.0,2378,7
202,2023-07-21,1825,Mumbai,Mobile,Accessories,9.0,360.0,3240,7
203,2023-07-22,1294,Hyderabad,Headphones,Electronics,6.0,842.0,5052,7
204,2023-07-23,1534,Delhi,Smartwatch,Electronics,1.0,1316.0,1316,7
205,2023-07-24,1788,Bangalore,Mobile,Accessories,8.0,3253.0,26024,7
206,2023-07-25,1721,Hyderabad,Smartwatch,Gadgets,9.0,4411.0,39699,7
207,2023-07-26,1612,Mumbai,Laptop,Gadgets,7.0,4957.0,34699,7
208,2023-07-27,1225,Hyderabad,Mobile,Gadgets,3.0,319.0,957,7
209,2023-07-28,1526,Mumbai,Laptop,Gadgets,3.0,4268.0,12804,7
210,2023-07-29,1816,Bangalore,Headphones,Gadgets,9.0,1708.0,15372,7
211,2023-07-30,1883,Bangalore,Laptop,Electronics,7.0,2871.0,20097,7
212,2023-07-31,1272,Mumbai,Mobile,Electronics,9.0,2087.0,18783,7
213,2023-08-01,1591,Bangalore,Mobile,Accessories,1.0,666.0,666,8
214,2023-08-02,1310,Mumbai,Smartwatch,Electronics,3.0,4133.0,12399,8
215,2023-08-03,1628,Chennai,Smartwatch,Electronics,4.0,4978.0,19912,8
216,2023-08-04,1790,Chennai,Mobile,Electronics,2.0,3826.0,7652,8
217,2023-08-05,1315,Hyderabad,Laptop,Accessories,9.0,1806.0,16254,8
218,2023-08-06,1326,Mumbai,Smartwatch,Electronics,6.0,4968.0,29808,8
219,2023-08-07,1147,Chennai,Tablet,Gadgets,5.0,2824.0,14120,8
220,2023-08-08,1599,Chennai,Laptop,Accessories,4.0,3779.0,15116,8
221,2023-08-09,1494,Delhi,Laptop,Electronics,2.0,1368.0,2736,8
222,2023-08-10,1944,Delhi,Mobile,Electronics,3.0,775.0,2325,8
223,2023-08-11,1490,Bangalore,Laptop,Accessories,1.0,2631.0,2631,8
224,2023-08-12,1443,Hyderabad,Tablet,Gadgets,7.0,4325.0,30275,8
225,2023-08-13,1891,Bangalore,Laptop,Gadgets,5.0,397.0,1985,8
226,2023-08-14,1229,Mumbai,Headphones,Accessories,9.0,3121.0,28089,8
227,2023-08-15,1646,Bangalore,Smartwatch,Gadgets,7.0,2180.0,15260,8
228,2023-08-16,1728,Hyderabad,Tablet,Electronics,1.0,1291.0,1291,8
229,2023-08-17,1402,Mumbai,Mobile,Accessories,9.0,437.0,3933,8
230,2023-08-18,1451,Delhi,Headphones,Gadgets,2.0,4961.0,9922,8
231,2023-08-19,1806,Bangalore,Headphones,Gadgets,5.0,2360.0,11800,8
232,2023-08-20,1517,Hyderabad,Laptop,Gadgets,8.0,2112.0,16896,8
233,2023-08-21,1483,Mumbai,Mobile,Accessories,6.0,3431.0,20586,8
234,2023-08-22,1227,Bangalore,Tablet,Gadgets,3.0,1732.0,5196,8
235,2023-08-23,1873,Mumbai,Headphones,Electronics,3.0,639.0,1917,8
236,2023-08-24,1223,Mumbai,Mobile,Electronics,1.0,4390.0,4390,8
237,2023-08-25,1085,Delhi,Mobile,Electronics,4.0,3751.0,15004,8
238,2023-08-26,1236,Mumbai,Smartwatch,Electronics,6.0,391.0,2346,8
239,2023-08-27,1334,Chennai,Headphones,Electronics,1.0,4796.0,4796,8
240,2023-08-28,1451,Delhi,Headphones,Accessories,7.0,4614.0,32298,8
241,2023-08-29,1858,Chennai,Smartwatch,Electronics,1.0,629.0,629,8
242,2023-08-30,1654,Delhi,Headphones,Gadgets,6.0,2556.0,15336,8
243,2023-08-31,1814,Delhi,Tablet,Electronics,5.0,1283.0,6415,8
244,2023-09-01,1737,Delhi,Tablet,Accessories,1.0,2572.0,2572,9
245,2023-09-02,1521,Chennai,Laptop,Accessories,5.0,1769.0,8845,9
246,2023-09-03,1295,Delhi,Laptop,Electronics,4.0,4774.0,19096,9
247,2023-09-04,1704,Mumbai,Smartwatch,Electronics,3.0,1331.0,3993,9
248,2023-09-05,1410,Chennai,Headphones,Gadgets,5.0,3027.0,15135,9
249,2023-09-06,1230,Mumbai,Laptop,Electronics,5.0,1052.0,5260,9
250,2023-09-07,1563,Chennai,Laptop,Electronics,6.0,1202.0,7212,9
251,2023-09-08,1303,Mumbai,Tablet,Gadgets,8.0,2908.0,23264,9
252,2023-09-09,1253,Chennai,Smartwatch,Accessories,5.0,2781.0,13905,9
253,2023-09-10,1479,Delhi,Laptop,Electronics,3.0,3631.0,10893,9
254,2023-09-11,1256,Bangalore,Headphones,Accessories,8.0,4250.0,34000,9
255,2023-09-12,1510,Bangalore,Smartwatch,Accessories,7.0,917.0,6419,9
256,2023-09-13,1227,Chennai,Tablet,Electronics,3.0,1349.0,4047,9
257,2023-09-14,1828,Delhi,Headphones,Electronics,8.0,3066.0,24528,9
258,2023-09-15,1479,Delhi,Tablet,Electronics,9.0,4859.0,43731,9
259,2023-09-16,1168,Hyderabad,Tablet,Accessories,9.0,2900.0,26100,9
260,2023-09-17,1113,Mumbai,Mobile,Accessories,1.0,4500.0,4500,9
261,2023-09-18,1818,Hyderabad,Mobile,Accessories,9.0,3350.0,30150,9
262,2023-09-19,1117,Hyderabad,Laptop,Gadgets,9.0,2812.0,25308,9
263,2023-09-20,1046,Delhi,Tablet,Gadgets,5.0,2670.0,13350,9
264,2023-09-21,1098,Bangalore,Headphones,Electronics,6.0,4884.0,29304,9
265,2023-09-22,1465,Mumbai,Mobile,Accessories,8.0,3724.0,29792,9
266,2023-09-23,1408,Mumbai,Mobile,Gadgets,2.0,1739.0,3478,9
267,2023-09-24,1638,Chennai,Headphones,Gadgets,1.0,166.0,166,9
268,2023-09-25,1382,Chennai,Smartwatch,Accessories,9.0,3810.0,34290,9
269,2023-09-26,1291,Delhi,Smartwatch,Gadgets,4.0,4022.0,16088,9
270,2023-09-27,1652,Hyderabad,Headphones,Accessories,6.0,3744.0,22464,9
271,2023-09-28,1660,Hyderabad,Tablet,Electronics,2.0,3369.0,6738,9
272,2023-09-29,1773,Delhi,Mobile,Accessories,8.0,3748.0,29984,9
273,2023-09-30,1243,Hyderabad,Mobile,Electronics,5.0,4916.0,24580,9
274,2023-10-01,1091,Hyderabad,Mobile,Gadgets,5.0,164.0,820,10
275,2023-10-02,1674,Hyderabad,Mobile,Electronics,6.0,112.0,672,10
276,2023-10-03,1809,Chennai,Smartwatch,Electronics,7.0,3953.0,27671,10
277,2023-10-04,1295,Delhi,Mobile,Gadgets,5.0,1930.0,9650,10
278,2023-10-05,1350,Chennai,Headphones,Accessories,2.0,1988.0,3976,10
279,2023-10-06,1568,Mumbai,Tablet,Accessories,9.0,4187.0,37683,10
280,2023-10-07,1038,Hyderabad,Laptop,Accessories,8.0,1747.0,13976,10
281,2023-10-08,1920,Hyderabad,Laptop,Electronics,7.0,4281.0,29967,10
282,2023-10-09,1072,Hyderabad,Mobile,Accessories,4.0,4251.0,17004,10
283,2023-10-10,1417,Chennai,Laptop,Accessories,3.0,3196.0,9588,10
284,2023-10-11,1389,Delhi,Smartwatch,Electronics,5.0,1570.0,7850,10
285,2023-10-12,1328,Mumbai,Smartwatch,Electronics,7.0,4720.0,33040,10
286,2023-10-13,1308,Hyderabad,Mobile,Electronics,2.0,1133.0,2266,10
287,2023-10-14,1926,Delhi,Laptop,Gadgets,9.0,3214.0,28926,10
288,2023-10-15,1350,Mumbai,Laptop,Gadgets,3.0,1807.0,5421,10
289,2023-10-16,1019,Mumbai,Smartwatch,Accessories,1.0,2503.0,2503,10
290,2023-10-17,1533,Chennai,Headphones,Electronics,9.0,1670.0,15030,10
291,2023-10-18,1681,Mumbai,Laptop,Electronics,9.0,188.0,1692,10
292,2023-10-19,1852,Hyderabad,Laptop,Electronics,5.0,4075.0,20375,10
293,2023-10-20,1743,Bangalore,Tablet,Gadgets,6.0,2484.0,14904,10
294,2023-10-21,1903,Bangalore,Smartwatch,Gadgets,3.0,3811.0,11433,10
295,2023-10-22,1477,Bangalore,Tablet,Accessories,5.0,4041.0,20205,10
296,2023-10-23,1302,Bangalore,Smartwatch,Gadgets,4.0,1367.0,5468,10
297,2023-10-24,1386,Chennai,Smartwatch,Accessories,9.0,4593.0,41337,10
298,2023-10-25,1092,Mumbai,Mobile,Gadgets,6.0,2765.0,16590,10
299,2023-10-26,1927,Chennai,Laptop,Gadgets,5.0,2882.0,14410,10
300,2023-10-27,1139,Hyderabad,Tablet,Gadgets,3.0,1409.0,4227,10
301,2023-10-28,1415,Delhi,Headphones,Electronics,3.0,3584.0,10752,10
302,2023-10-29,1572,Chennai,Smartwatch,Electronics,5.0,1428.0,7140,10
303,2023-10-30,1703,Mumbai,Tablet,Gadgets,9.0,340.0,3060,10
304,2023-10-31,1787,Mumbai,Tablet,Accessories,3.0,3978.0,11934,10
305,2023-11-01,1507,Hyderabad,Mobile,Gadgets,5.0,4890.0,24450,11
306,2023-11-02,1828,Bangalore,Tablet,Gadgets,1.0,121.0,121,11
307,2023-11-03,1721,Hyderabad,Headphones,Electronics,1.0,2294.0,2294,11
308,2023-11-04,1086,Bangalore,Headphones,Electronics,4.0,155.0,620,11
309,2023-11-05,1167,Bangalore,Mobile,Gadgets,5.0,1518.0,7590,11
310,2023-11-06,1708,Delhi,Mobile,Accessories,1.0,1162.0,1162,11
311,2023-11-07,1082,Hyderabad,Laptop,Electronics,5.0,2229.0,11145,11
312,2023-11-08,1340,Delhi,Smartwatch,Electronics,3.0,3978.0,11934,11
313,2023-11-09,1481,Hyderabad,Laptop,Accessories,9.0,4736.0,42624,11
314,2023-11-10,1947,Mumbai,Tablet,Accessories,4.0,4173.0,16692,11
315,2023-11-11,1027,Mumbai,Tablet,Gadgets,4.0,1614.0,6456,11
316,2023-11-12,1866,Mumbai,Mobile,Accessories,8.0,3074.0,24592,11
317,2023-11-13,1646,Delhi,Smartwatch,Gadgets,7.0,1595.0,11165,11
318,2023-11-14,1298,Chennai,Laptop,Electronics,1.0,3466.0,3466,11
319,2023-11-15,1328,Chennai,Mobile,Accessories,8.0,2140.0,17120,11
320,2023-11-16,1103,Chennai,Mobile,Accessories,9.0,282.0,2538,11
321,2023-11-17,1099,Delhi,Smartwatch,Accessories,6.0,4287.0,25722,11
322,2023-11-18,1298,Chennai,Headphones,Accessories,8.0,297.0,2376,11
323,2023-11-19,1060,Bangalore,Tablet,Gadgets,2.0,110.0,220,11
324,2023-11-20,1233,Hyderabad,Tablet,Accessories,7.0,982.0,6874,11
325,2023-11-21,1410,Delhi,Tablet,Electronics,2.0,1669.0,3338,11
326,2023-11-22,1716,Chennai,Tablet,Electronics,3.0,3302.0,9906,11
327,2023-11-23,1574,Hyderabad,Smartwatch,Electronics,6.0,4352.0,26112,11
328,2023-11-24,1420,Chennai,Laptop,Accessories,9.0,2431.0,21879,11
329,2023-11-25,1447,Chennai,Smartwatch,Electronics,6.0,2960.0,17760,11
330,2023-11-26,1021,Hyderabad,Laptop,Gadgets,3.0,149.0,447,11
331,2023-11-27,1911,Hyderabad,Tablet,Gadgets,3.0,3226.0,9678,11
332,2023-11-28,1247,Hyderabad,Headphones,Electronics,3.0,4899.0,14697,11
333,2023-11-29,1726,Mumbai,Laptop,Electronics,6.0,925.0,5550,11
334,2023-11-30,1917,Bangalore,Laptop,Electronics,8.0,2765.0,22120,11
335,2023-12-01,1862,Chennai,Headphones,Accessories,4.0,3329.0,13316,12
336,2023-12-02,1250,Bangalore,Headphones,Gadgets,5.0,1212.0,6060,12
337,2023-12-03,1377,Chennai,Mobile,Gadgets,3.0,576.0,1728,12
338,2023-12-04,1916,Delhi,Headphones,Accessories,8.0,3336.0,26688,12
339,2023-12-05,1192,Delhi,Laptop,Accessories,8.0,498.0,3984,12
340,2023-12-06,1091,Delhi,Smartwatch,Gadgets,1.0,2447.0,2447,12
341,2023-12-07,1232,Bangalore,Smartwatch,Accessories,4.0,480.0,1920,12
342,2023-12-08,1193,Bangalore,Smartwatch,Electronics,1.0,2621.0,2621,12
343,2023-12-09,1256,Delhi,Mobile,Accessories,3.0,3608.0,10824,12
344,2023-12-10,1375,Hyderabad,Smartwatch,Electronics,1.0,2894.0,2894,12
345,2023-12-11,1319,Bangalore,Laptop,Electronics,2.0,835.0,1670,12
346,2023-12-12,1076,Chennai,Laptop,Accessories,8.0,794.0,6352,12
347,2023-12-13,1572,Delhi,Mobile,Accessories,8.0,1232.0,9856,12
348,2023-12-14,1078,Mumbai,Mobile,Electronics,3.0,2041.0,6123,12
349,2023-12-15,1282,Delhi,Tablet,Electronics,8.0,3404.0,27232,12
350,2023-12-16,1915,Chennai,Smartwatch,Gadgets,8.0,1403.0,11224,12
351,2023-12-17,1021,Mumbai,Tablet,Electronics,1.0,2970.0,2970,12
352,2023-12-18,1160,Chennai,Headphones,Accessories,7.0,3841.0,26887,12
353,2023-12-19,1688,Hyderabad,Headphones,Gadgets,2.0,450.0,900,12
354,2023-12-20,1594,Bangalore,Laptop,Accessories,7.0,4535.0,31745,12
355,2023-12-21,1346,Delhi,Headphones,Electronics,4.0,2478.0,9912,12
356,2023-12-22,1545,Chennai,Mobile,Gadgets,1.0,2817.0,2817,12
357,2023-12-23,1707,Chennai,Mobile,Electronics,3.0,2947.0,8841,12
358,2023-12-24,1491,Mumbai,Mobile,Accessories,7.0,4233.0,29631,12
359,2023-12-25,1953,Hyderabad,Smartwatch,Electronics,3.0,2463.0,7389,12
360,2023-12-26,1661,Mumbai,Smartwatch,Accessories,2.0,3567.0,7134,12
361,2023-12-27,1012,Mumbai,Headphones,Gadgets,1.0,1477.0,1477,12
362,2023-12-28,1986,Bangalore,Mobile,Accessories,5.0,4127.0,20635,12
363,2023-12-29,1577,Delhi,Smartwatch,Accessories,7.0,4975.0,34825,12
364,2023-12-30,1151,Chennai,Laptop,Gadgets,4.0,1133.0,4532,12
365,2023-12-31,1493,Hyderabad,Headphones,Electronics,1.0,2092.0,2092,12
366,2024-01-01,1956,Bangalore,Mobile,Gadgets,1.0,107.0,107,1
367,2024-01-02,1052,Bangalore,Laptop,Electronics,2.0,1423.0,2846,1
368,2024-01-03,1327,Mumbai,Mobile,Electronics,8.0,3190.0,25520,1
369,2024-01-04,1750,Chennai,Headphones,Gadgets,4.0,1296.0,5184,1
370,2024-01-05,1554,Chennai,Tablet,Gadgets,8.0,4708.0,37664,1
371,2024-01-06,1050,Hyderabad,Headphones,Electronics,8.0,1970.0,15760,1
372,2024-01-07,1067,Delhi,Mobile,Gadgets,9.0,374.0,3366,1
373,2024-01-08,1812,Mumbai,Tablet,Gadgets,4.0,3001.0,12004,1
374,2024-01-09,1089,Hyderabad,Smartwatch,Gadgets,7.0,896.0,6272,1
375,2024-01-10,1628,Chennai,Tablet,Gadgets,4.0,4885.0,19540,1
376,2024-01-11,1307,Chennai,Tablet,Gadgets,9.0,2814.0,25326,1
377,2024-01-12,1683,Delhi,Mobile,Electronics,9.0,4188.0,37692,1
378,2024-01-13,1507,Chennai,Laptop,Accessories,7.0,4816.0,33712,1
379,2024-01-14,1365,Hyderabad,Headphones,Gadgets,6.0,1861.0,11166,1
380,2024-01-15,1870,Chennai,Laptop,Accessories,3.0,1792.0,5376,1
381,2024-01-16,1990,Mumbai,Laptop,Electronics,8.0,3500.0,28000,1
382,2024-01-17,1450,Hyderabad,Tablet,Accessories,5.0,3761.0,18805,1
383,2024-01-18,1176,Delhi,Mobile,Accessories,9.0,3859.0,34731,1
384,2024-01-19,1917,Bangalore,Laptop,Electronics,5.0,1218.0,6090,1
385,2024-01-20,1605,Mumbai,Mobile,Electronics,8.0,3366.0,26928,1
386,2024-01-21,1081,Hyderabad,Laptop,Accessories,3.0,3951.0,11853,1
387,2024-01-22,1369,Bangalore,Laptop,Accessories,9.0,1738.0,15642,1
388,2024-01-23,1262,Bangalore,Mobile,Electronics,9.0,4918.0,44262,1
389,2024-01-24,1839,Hyderabad,Smartwatch,Electronics,4.0,1983.0,7932,1
390,2024-01-25,1807,Chennai,Tablet,Electronics,4.0,3997.0,15988,1
391,2024-01-26,1689,Chennai,Tablet,Gadgets,6.0,1010.0,6060,1
392,2024-01-27,1151,Delhi,Headphones,Electronics,4.0,511.0,2044,1
393,2024-01-28,1656,Chennai,Smartwatch,Accessories,8.0,3176.0,25408,1
394,2024-01-29,1222,Mumbai,Smartwatch,Electronics,3.0,3761.0,11283,1
395,2024-01-30,1279,Hyderabad,Laptop,Gadgets,3.0,4674.0,14022,1
396,2024-01-31,1329,Hyderabad,Tablet,Gadgets,7.0,3592.0,25144,1
397,2024-02-01,1910,Delhi,Mobile,Accessories,5.0,4680.0,23400,2
398,2024-02-02,1624,Chennai,Smartwatch,Accessories,7.0,1482.0,10374,2
399,2024-02-03,1889,Chennai,Smartwatch,Gadgets,3.0,2325.0,6975,2
400,2024-02-04,1394,Bangalore,Laptop,Accessories,6.0,3662.0,21972,2
401,2024-02-05,1237,Chennai,Tablet,Accessories,8.0,3259.0,26072,2
402,2024-02-06,1050,Hyderabad,Tablet,Gadgets,7.0,1268.0,8876,2
403,2024-02-07,1682,Bangalore,Headphones,Accessories,8.0,3813.0,30504,2
404,2024-02-08,1528,Chennai,Tablet,Gadgets,5.0,1291.0,6455,2
405,2024-02-09,1958,Hyderabad,Tablet,Accessories,5.0,4202.0,21010,2
406,2024-02-10,1156,Bangalore,Tablet,Electronics,5.0,791.0,3955,2
407,2024-02-11,1724,Bangalore,Mobile,Accessories,3.0,1418.0,4254,2
408,2024-02-12,1608,Hyderabad,Tablet,Gadgets,5.0,4129.0,20645,2
409,2024-02-13,1138,Mumbai,Smartwatch,Gadgets,9.0,4575.0,41175,2
410,2024-02-14,1077,Hyderabad,Smartwatch,Accessories,3.0,1794.0,5382,2
411,2024-02-15,1740,Bangalore,Tablet,Accessories,8.0,2347.0,18776,2
412,2024-02-16,1731,Hyderabad,Tablet,Gadgets,7.0,632.0,4424,2
413,2024-02-17,1677,Delhi,Tablet,Accessories,5.0,3951.0,19755,2
414,2024-02-18,1579,Delhi,Smartwatch,Gadgets,6.0,4953.0,29718,2
415,2024-02-19,1196,Delhi,Smartwatch,Accessories,3.0,4955.0,14865,2
416,2024-02-20,1605,Bangalore,Tablet,Electronics,3.0,834.0,2502,2
417,2024-02-21,1964,Bangalore,Smartwatch,Accessories,1.0,3806.0,3806,2
418,2024-02-22,1706,Delhi,Smartwatch,Accessories,1.0,2773.0,2773,2
419,2024-02-23,1931,Hyderabad,Laptop,Gadgets,3.0,2458.0,7374,2
420,2024-02-24,1725,Delhi,Headphones,Electronics,1.0,4021.0,4021,2
421,2024-02-25,1546,Chennai,Tablet,Gadgets,7.0,2110.0,14770,2
422,2024-02-26,1512,Bangalore,Tablet,Gadgets,8.0,1540.0,12320,2
423,2024-02-27,1513,Hyderabad,Laptop,Accessories,9.0,3634.0,32706,2
424,2024-02-28,1788,Delhi,Mobile,Electronics,9.0,3141.0,28269,2
425,2024-02-29,1493,Chennai,Smartwatch,Electronics,3.0,2299.0,6897,2
426,2024-03-01,1475,Bangalore,Laptop,Electronics,1.0,3729.0,3729,3
427,2024-03-02,1101,Bangalore,Smartwatch,Accessories,4.0,4853.0,19412,3
428,2024-03-03,1974,Delhi,Tablet,Accessories,4.0,1725.0,6900,3
429,2024-03-04,1726,Bangalore,Smartwatch,Gadgets,5.0,3748.0,18740,3
430,2024-03-05,1191,Delhi,Tablet,Accessories,2.0,2239.0,4478,3
431,2024-03-06,1361,Chennai,Mobile,Electronics,4.0,1182.0,4728,3
432,2024-03-07,1505,Chennai,Headphones,Accessories,2.0,1233.0,2466,3
433,2024-03-08,1837,Delhi,Tablet,Gadgets,6.0,2000.0,12000,3
434,2024-03-09,1176,Hyderabad,Laptop,Accessories,9.0,239.0,2151,3
435,2024-03-10,1221,Chennai,Smartwatch,Gadgets,8.0,4482.0,35856,3
436,2024-03-11,1338,Delhi,Laptop,Gadgets,3.0,522.0,1566,3
437,2024-03-12,1343,Delhi,Headphones,Electronics,3.0,2495.0,7485,3
438,2024-03-13,1438,Mumbai,Mobile,Gadgets,5.0,2163.0,10815,3
439,2024-03-14,1384,Delhi,Tablet,Gadgets,4.0,2543.0,10172,3
440,2024-03-15,1262,Delhi,Mobile,Electronics,1.0,1824.0,1824,3
441,2024-03-16,1304,Mumbai,Tablet,Electronics,5.0,4435.0,22175,3
442,2024-03-17,1249,Mumbai,Smartwatch,Gadgets,1.0,3289.0,3289,3
443,2024-03-18,1110,Delhi,Tablet,Accessories,4.0,3682.0,14728,3
444,2024-03-19,1157,Hyderabad,Tablet,Gadgets,5.0,4567.0,22835,3
445,2024-03-20,1421,Mumbai,Headphones,Gadgets,2.0,3105.0,6210,3
446,2024-03-21,1092,Chennai,Laptop,Electronics,5.0,1425.0,7125,3
447,2024-03-22,1240,Bangalore,Mobile,Electronics,5.0,2984.0,14920,3
448,2024-03-23,1683,Hyderabad,Laptop,Accessories,6.0,2968.0,17808,3
449,2024-03-24,1967,Delhi,Smartwatch,Electronics,3.0,1104.0,3312,3
450,2024-03-25,1513,Mumbai,Laptop,Electronics,9.0,1542.0,13878,3
451,2024-03-26,1551,Chennai,Laptop,Electronics,2.0,3201.0,6402,3
452,2024-03-27,1037,Hyderabad,Mobile,Gadgets,8.0,3671.0,29368,3
453,2024-03-28,1483,Bangalore,Smartwatch,Electronics,6.0,2130.0,12780,3
454,2024-03-29,1894,Delhi,Smartwatch,Electronics,7.0,423.0,2961,3
455,2024-03-30,1481,Mumbai,Laptop,Electronics,3.0,3730.0,11190,3
456,2024-03-31,1799,Mumbai,Mobile,Gadgets,4.0,3051.0,12204,3
457,2024-04-01,1101,Delhi,Tablet,Accessories,2.0,834.0,1668,4
458,2024-04-02,1334,Delhi,Headphones,Gadgets,9.0,4470.0,40230,4
459,2024-04-03,1129,Mumbai,Laptop,Accessories,3.0,1760.0,5280,4
460,2024-04-04,1833,Chennai,Smartwatch,Electronics,7.0,3235.0,22645,4
461,2024-04-05,1279,Mumbai,Smartwatch,Accessories,4.0,484.0,1936,4
462,2024-04-06,1018,Mumbai,Tablet,Accessories,3.0,2922.0,8766,4
463,2024-04-07,1853,Delhi,Laptop,Accessories,1.0,2666.0,2666,4
464,2024-04-08,1666,Bangalore,Smartwatch,Electronics,1.0,4698.0,4698,4
465,2024-04-09,1716,Delhi,Laptop,Accessories,9.0,3399.0,30591,4
466,2024-04-10,1093,Hyderabad,Mobile,Accessories,8.0,627.0,5016,4
467,2024-04-11,1042,Bangalore,Laptop,Accessories,5.0,257.0,1285,4
468,2024-04-12,1157,Bangalore,Tablet,Electronics,5.0,2128.0,10640,4
469,2024-04-13,1101,Hyderabad,Tablet,Electronics,8.0,2273.0,18184,4
470,2024-04-14,1090,Hyderabad,Smartwatch,Accessories,8.0,1392.0,11136,4
471,2024-04-15,1343,Delhi,Tablet,Gadgets,5.0,3155.0,15775,4
472,2024-04-16,1361,Delhi,Mobile,Accessories,3.0,3389.0,10167,4
473,2024-04-17,1657,Bangalore,Mobile,Electronics,2.0,110.0,220,4
474,2024-04-18,1132,Hyderabad,Mobile,Electronics,4.0,864.0,3456,4
475,2024-04-19,1543,Delhi,Smartwatch,Gadgets,1.0,3172.0,3172,4
476,2024-04-20,1523,Bangalore,Mobile,Gadgets,8.0,3034.0,24272,4
477,2024-04-21,1366,Delhi,Mobile,Electronics,9.0,335.0,3015,4
478,2024-04-22,1309,Hyderabad,Laptop,Electronics,6.0,411.0,2466,4
479,2024-04-23,1195,Mumbai,Laptop,Accessories,8.0,740.0,5920,4
480,2024-04-24,1942,Mumbai,Mobile,Gadgets,3.0,1481.0,4443,4
481,2024-04-25,1015,Chennai,Smartwatch,Gadgets,5.0,1114.0,5570,4
482,2024-04-26,1563,Chennai,Headphones,Electronics,7.0,4988.0,34916,4
483,2024-04-27,1552,Bangalore,Laptop,Electronics,2.0,3531.0,7062,4
484,2024-04-28,1144,Bangalore,Headphones,Gadgets,7.0,3453.0,24171,4
485,2024-04-29,1616,Chennai,Headphones,Electronics,4.0,1498.0,5992,4
486,2024-04-30,1146,Chennai,Laptop,Accessories,4.0,1049.0,4196,4
487,2024-05-01,1152,Chennai,Laptop,Electronics,7.0,3016.0,21112,5
488,2024-05-02,1647,Delhi,Mobile,Accessories,2.0,620.0,1240,5
489,2024-05-03,1683,Hyderabad,Smartwatch,Gadgets,2.0,4314.0,8628,5
490,2024-05-04,1096,Bangalore,Laptop,Electronics,2.0,2694.0,5388,5
491,2024-05-05,1703,Mumbai,Headphones,Gadgets,7.0,1316.0,9212,5
492,2024-05-06,1023,Bangalore,Smartwatch,Electronics,5.0,568.0,2840,5
493,2024-05-07,1086,Bangalore,Laptop,Electronics,8.0,2308.0,18464,5
494,2024-05-08,1637,Bangalore,Mobile,Accessories,1.0,2569.0,2569,5
495,2024-05-09,1931,Hyderabad,Tablet,Gadgets,3.0,2395.0,7185,5
496,2024-05-10,1284,Delhi,Smartwatch,Accessories,3.0,400.0,1200,5
497,2024-05-11,1466,Hyderabad,Laptop,Accessories,7.0,2181.0,15267,5
498,2024-05-12,1685,Chennai,Tablet,Gadgets,4.0,1653.0,6612,5
499,2024-05-13,1981,Chennai,Headphones,Electronics,5.0,2842.0,14210,5
500,2024-05-14,1420,Hyderabad,Smartwatch,Accessories,5.0,2963.0,14815,5
501,2024-05-15,1047,Hyderabad,Laptop,Electronics,3.0,2962.0,8886,5
502,2024-05-16,1706,Hyderabad,Laptop,Accessories,5.0,2459.0,12295,5
503,2024-05-17,1650,Mumbai,Mobile,Accessories,6.0,4722.0,28332,5
504,2024-05-18,1055,Delhi,Headphones,Electronics,3.0,997.0,2991,5
505,2024-05-19,1185,Bangalore,Mobile,Gadgets,6.0,1606.0,9636,5
506,2024-05-20,1273,Mumbai,Mobile,Accessories,4.0,1234.0,4936,5
507,2024-05-21,1718,Delhi,Smartwatch,Electronics,7.0,2066.0,14462,5
508,2024-05-22,1223,Delhi,Tablet,Electronics,2.0,292.0,584,5
509,2024-05-23,1502,Mumbai,Tablet,Electronics,7.0,3512.0,24584,5
510,2024-05-24,1931,Bangalore,Mobile,Electronics,7.0,3344.0,23408,5
511,2024-05-25,1479,Hyderabad,Tablet,Accessories,5.0,1968.0,9840,5
512,2024-05-26,1385,Chennai,Laptop,Accessories,4.0,4722.0,18888,5
513,2024-05-27,1602,Hyderabad,Mobile,Accessories,1.0,3634.0,3634,5
514,2024-05-28,1825,Mumbai,Mobile,Electronics,6.0,1403.0,8418,5
515,2024-05-29,1850,Delhi,Headphones,Gadgets,8.0,498.0,3984,5
516,2024-05-30,1125,Mumbai,Tablet,Electronics,2.0,725.0,1450,5
517,2024-05-31,1734,Delhi,Mobile,Accessories,3.0,990.0,2970,5
518,2024-06-01,1565,Bangalore,Headphones,Accessories,2.0,344.0,688,6
519,2024-06-02,1946,Delhi,Smartwatch,Electronics,7.0,395.0,2765,6
520,2024-06-03,1058,Chennai,Tablet,Gadgets,3.0,3976.0,11928,6
521,2024-06-04,1857,Bangalore,Tablet,Gadgets,9.0,3932.0,35388,6
522,2024-06-05,1988,Chennai,Mobile,Gadgets,6.0,2369.0,14214,6
523,2024-06-06,1705,Mumbai,Tablet,Gadgets,3.0,1294.0,3882,6
524,2024-06-07,1751,Chennai,Laptop,Electronics,2.0,1085.0,2170,6
525,2024-06-08,1447,Bangalore,Headphones,Electronics,7.0,4869.0,34083,6
526,2024-06-09,1849,Hyderabad,Smartwatch,Gadgets,4.0,4253.0,17012,6
527,2024-06-10,1007,Delhi,Smartwatch,Accessories,9.0,610.0,5490,6
528,2024-06-11,1378,Mumbai,Smartwatch,Gadgets,1.0,929.0,929,6
529,2024-06-12,1602,Bangalore,Mobile,Accessories,8.0,2045.0,16360,6
530,2024-06-13,1900,Mumbai,Smartwatch,Accessories,3.0,4266.0,12798,6
531,2024-06-14,1210,Hyderabad,Mobile,Accessories,2.0,3811.0,7622,6
532,2024-06-15,1544,Hyderabad,Smartwatch,Accessories,6.0,3930.0,23580,6
533,2024-06-16,1012,Delhi,Mobile,Gadgets,2.0,3826.0,7652,6
534,2024-06-17,1488,Mumbai,Tablet,Gadgets,9.0,1105.0,9945,6
535,2024-06-18,1775,Delhi,Headphones,Electronics,6.0,2724.0,16344,6
536,2024-06-19,1953,Mumbai,Mobile,Electronics,7.0,2835.0,19845,6
537,2024-06-20,1346,Mumbai,Tablet,Accessories,4.0,4997.0,19988,6
538,2024-06-21,1180,Bangalore,Smartwatch,Electronics,6.0,627.0,3762,6
539,2024-06-22,1469,Mumbai,Laptop,Gadgets,9.0,305.0,2745,6
540,2024-06-23,1840,Mumbai,Mobile,Gadgets,8.0,1491.0,11928,6
541,2024-06-24,1986,Mumbai,Laptop,Gadgets,2.0,4784.0,9568,6
542,2024-06-25,1475,Chennai,Mobile,Accessories,9.0,2347.0,21123,6
543,2024-06-26,1898,Bangalore,Tablet,Electronics,2.0,4147.0,8294,6
544,2024-06-27,1920,Hyderabad,Laptop,Gadgets,7.0,1893.0,13251,6
545,2024-06-28,1785,Delhi,Mobile,Accessories,1.0,2242.0,2242,6
546,2024-06-29,1402,Mumbai,Laptop,Accessories,2.0,1675.0,3350,6
547,2024-06-30,1915,Mumbai,Smartwatch,Gadgets,3.0,617.0,1851,6
548,2024-07-01,1975,Bangalore,Headphones,Electronics,4.0,775.0,3100,7
549,2024-07-02,1776,Chennai,Mobile,Gadgets,3.0,3625.0,10875,7
550,2024-07-03,1828,Hyderabad,Tablet,Electronics,3.0,2472.0,7416,7
551,2024-07-04,1818,Hyderabad,Tablet,Gadgets,9.0,1601.0,14409,7
552,2024-07-05,1534,Delhi,Headphones,Gadgets,8.0,3600.0,28800,7
553,2024-07-06,1369,Bangalore,Laptop,Gadgets,9.0,2877.0,25893,7
554,2024-07-07,1308,Chennai,Smartwatch,Accessories,8.0,3123.0,24984,7
555,2024-07-08,1694,Bangalore,Smartwatch,Electronics,4.0,4641.0,18564,7
556,2024-07-09,1999,Delhi,Mobile,Electronics,3.0,4945.0,14835,7
557,2024-07-10,1156,Hyderabad,Headphones,Gadgets,2.0,4025.0,8050,7
558,2024-07-11,1508,Bangalore,Tablet,Electronics,1.0,1027.0,1027,7
559,2024-07-12,1050,Mumbai,Headphones,Gadgets,9.0,1272.0,11448,7
560,2024-07-13,1342,Bangalore,Mobile,Gadgets,8.0,4684.0,37472,7
561,2024-07-14,1024,Chennai,Headphones,Electronics,7.0,1871.0,13097,7
562,2024-07-15,1175,Bangalore,Mobile,Gadgets,7.0,1300.0,9100,7
563,2024-07-16,1261,Delhi,Mobile,Electronics,3.0,4741.0,14223,7
564,2024-07-17,1665,Mumbai,Mobile,Electronics,8.0,3846.0,30768,7
565,2024-07-18,1129,Mumbai,Mobile,Gadgets,9.0,2745.0,24705,7
566,2024-07-19,1646,Chennai,Headphones,Gadgets,2.0,4866.0,9732,7
567,2024-07-20,1989,Delhi,Tablet,Electronics,6.0,164.0,984,7
568,2024-07-21,1999,Mumbai,Laptop,Accessories,1.0,1803.0,1803,7
569,2024-07-22,1552,Hyderabad,Laptop,Electronics,1.0,4741.0,4741,7
570,2024-07-23,1521,Delhi,Mobile,Accessories,7.0,2283.0,15981,7
571,2024-07-24,1830,Hyderabad,Smartwatch,Electronics,6.0,4988.0,29928,7
572,2024-07-25,1113,Bangalore,Headphones,Gadgets,2.0,1604.0,3208,7
573,2024-07-26,1394,Hyderabad,Mobile,Gadgets,2.0,1856.0,3712,7
574,2024-07-27,1034,Bangalore,Mobile,Gadgets,1.0,4863.0,4863,7
575,2024-07-28,1542,Mumbai,Tablet,Electronics,9.0,1492.0,13428,7
576,2024-07-29,1789,Chennai,Smartwatch,Accessories,8.0,4937.0,39496,7
577,2024-07-30,1197,Delhi,Headphones,Electronics,6.0,2651.0,15906,7
578,2024-07-31,1012,Bangalore,Smartwatch,Gadgets,2.0,4906.0,9812,7
579,2024-08-01,1498,Bangalore,Headphones,Electronics,8.0,1670.0,13360,8
580,2024-08-02,1831,Mumbai,Smartwatch,Gadgets,8.0,3018.0,24144,8
581,2024-08-03,1291,Mumbai,Laptop,Gadgets,2.0,3241.0,6482,8
582,2024-08-04,1494,Mumbai,Headphones,Electronics,8.0,4388.0,35104,8
583,2024-08-05,1412,Delhi,Laptop,Accessories,3.0,1633.0,4899,8
584,2024-08-06,1251,Chennai,Laptop,Electronics,7.0,2081.0,14567,8
585,2024-08-07,1980,Chennai,Smartwatch,Electronics,9.0,2474.0,22266,8
586,2024-08-08,1558,Mumbai,Laptop,Gadgets,9.0,1356.0,12204,8
587,2024-08-09,1599,Hyderabad,Tablet,Accessories,7.0,1095.0,7665,8
588,2024-08-10,1894,Bangalore,Tablet,Gadgets,9.0,2564.0,23076,8
589,2024-08-11,1028,Delhi,Headphones,Gadgets,5.0,2824.0,14120,8
590,2024-08-12,1188,Chennai,Tablet,Gadgets,5.0,4752.0,23760,8
591,2024-08-13,1803,Chennai,Laptop,Accessories,2.0,1497.0,2994,8
592,2024-08-14,1621,Delhi,Laptop,Accessories,7.0,852.0,5964,8
593,2024-08-15,1017,Hyderabad,Mobile,Gadgets,6.0,2263.0,13578,8
594,2024-08-16,1156,Bangalore,Laptop,Accessories,7.0,609.0,4263,8
595,2024-08-17,1068,Mumbai,Laptop,Accessories,9.0,849.0,7641,8
596,2024-08-18,1087,Hyderabad,Smartwatch,Electronics,3.0,2038.0,6114,8
597,2024-08-19,1570,Hyderabad,Headphones,Accessories,6.0,1091.0,6546,8
598,2024-08-20,1202,Delhi,Laptop,Electronics,3.0,4762.0,14286,8
599,2024-08-21,1421,Mumbai,Headphones,Accessories,8.0,1091.0,8728,8
600,2024-08-22,1758,Hyderabad,Smartwatch,Accessories,7.0,3653.0,25571,8
601,2024-08-23,1970,Chennai,Mobile,Accessories,1.0,1100.0,1100,8
602,2024-08-24,1041,Chennai,Mobile,Electronics,1.0,1982.0,1982,8
603,2024-08-25,1692,Hyderabad,Headphones,Electronics,4.0,4429.0,17716,8
604,2024-08-26,1654,Hyderabad,Mobile,Accessories,6.0,4080.0,24480,8
605,2024-08-27,1257,Mumbai,Tablet,Accessories,6.0,1031.0,6186,8
606,2024-08-28,1071,Mumbai,Mobile,Accessories,4.0,3166.0,12664,8
607,2024-08-29,1539,Hyderabad,Headphones,Electronics,2.0,3242.0,6484,8
608,2024-08-30,1553,Mumbai,Laptop,Electronics,3.0,1393.0,4179,8
609,2024-08-31,1457,Mumbai,Headphones,Electronics,5.0,315.0,1575,8
610,2024-09-01,1729,Mumbai,Headphones,Accessories,8.0,3168.0,25344,9
611,2024-09-02,1968,Hyderabad,Mobile,Electronics,2.0,4722.0,9444,9
612,2024-09-03,1422,Delhi,Smartwatch,Accessories,3.0,4787.0,14361,9
613,2024-09-04,1619,Chennai,Laptop,Electronics,5.0,3642.0,18210,9
614,2024-09-05,1089,Delhi,Tablet,Gadgets,9.0,688.0,6192,9
615,2024-09-06,1297,Chennai,Smartwatch,Accessories,8.0,1423.0,11384,9
616,2024-09-07,1230,Bangalore,Tablet,Gadgets,3.0,4162.0,12486,9
617,2024-09-08,1565,Bangalore,Headphones,Electronics,7.0,2149.0,15043,9
618,2024-09-09,1670,Chennai,Headphones,Electronics,3.0,421.0,1263,9
619,2024-09-10,1032,Chennai,Mobile,Gadgets,9.0,2754.0,24786,9
620,2024-09-11,1763,Hyderabad,Tablet,Electronics,5.0,2889.0,14445,9
621,2024-09-12,1384,Mumbai,Headphones,Gadgets,6.0,434.0,2604,9
622,2024-09-13,1598,Hyderabad,Smartwatch,Gadgets,1.0,1328.0,1328,9
623,2024-09-14,1928,Hyderabad,Mobile,Accessories,8.0,4194.0,33552,9
624,2024-09-15,1160,Chennai,Laptop,Electronics,5.0,4114.0,20570,9
625,2024-09-16,1498,Mumbai,Tablet,Accessories,3.0,3953.0,11859,9
626,2024-09-17,1789,Delhi,Tablet,Gadgets,9.0,2697.0,24273,9
627,2024-09-18,1787,Chennai,Smartwatch,Electronics,5.0,1288.0,6440,9
628,2024-09-19,1279,Hyderabad,Mobile,Accessories,2.0,3392.0,6784,9
629,2024-09-20,1701,Hyderabad,Laptop,Gadgets,5.0,733.0,3665,9
630,2024-09-21,1764,Delhi,Laptop,Accessories,7.0,2531.0,17717,9
631,2024-09-22,1019,Delhi,Smartwatch,Electronics,2.0,1654.0,3308,9
632,2024-09-23,1668,Hyderabad,Headphones,Electronics,2.0,2331.0,4662,9
633,2024-09-24,1883,Mumbai,Headphones,Accessories,8.0,3463.0,27704,9
634,2024-09-25,1244,Bangalore,Laptop,Gadgets,3.0,2835.0,8505,9
635,2024-09-26,1319,Hyderabad,Headphones,Accessories,5.0,3279.0,16395,9
636,2024-09-27,1376,Chennai,Smartwatch,Electronics,9.0,3928.0,35352,9
637,2024-09-28,1034,Mumbai,Tablet,Gadgets,9.0,3892.0,35028,9
638,2024-09-29,1537,Delhi,Mobile,Electronics,4.0,4287.0,17148,9
639,2024-09-30,1718,Mumbai,Smartwatch,Electronics,7.0,4823.0,33761,9
640,2024-10-01,1219,Chennai,Tablet,Electronics,7.0,463.0,3241,10
641,2024-10-02,1917,Chennai,Smartwatch,Accessories,5.0,3357.0,16785,10
642,2024-10-03,1400,Hyderabad,Tablet,Electronics,8.0,3495.0,27960,10
643,2024-10-04,1318,Mumbai,Tablet,Electronics,9.0,3569.0,32121,10
644,2024-10-05,1582,Hyderabad,Laptop,Gadgets,7.0,3405.0,23835,10
645,2024-10-06,1914,Bangalore,Headphones,Electronics,6.0,103.0,618,10
646,2024-10-07,1800,Chennai,Laptop,Electronics,1.0,1334.0,1334,10
647,2024-10-08,1588,Delhi,Headphones,Gadgets,4.0,3707.0,14828,10
648,2024-10-09,1099,Bangalore,Laptop,Gadgets,3.0,1128.0,3384,10
649,2024-10-10,1336,Bangalore,Smartwatch,Accessories,1.0,140.0,140,10
650,2024-10-11,1464,Hyderabad,Mobile,Accessories,4.0,4573.0,18292,10
651,2024-10-12,1866,Hyderabad,Tablet,Gadgets,8.0,647.0,5176,10
652,2024-10-13,1739,Chennai,Laptop,Accessories,4.0,2792.0,11168,10
653,2024-10-14,1386,Delhi,Mobile,Accessories,3.0,4168.0,12504,10
654,2024-10-15,1175,Mumbai,Headphones,Gadgets,6.0,1617.0,9702,10
655,2024-10-16,1113,Mumbai,Mobile,Electronics,6.0,1088.0,6528,10
656,2024-10-17,1759,Chennai,Laptop,Gadgets,6.0,3284.0,19704,10
657,2024-10-18,1943,Chennai,Headphones,Electronics,7.0,2344.0,16408,10
658,2024-10-19,1191,Bangalore,Laptop,Gadgets,7.0,4687.0,32809,10
659,2024-10-20,1237,Chennai,Laptop,Accessories,9.0,408.0,3672,10
660,2024-10-21,1660,Mumbai,Headphones,Gadgets,6.0,1668.0,10008,10
661,2024-10-22,1433,Bangalore,Mobile,Electronics,7.0,4955.0,34685,10
662,2024-10-23,1667,Bangalore,Laptop,Accessories,2.0,3430.0,6860,10
663,2024-10-24,1108,Hyderabad,Smartwatch,Gadgets,9.0,2443.0,21987,10
664,2024-10-25,1724,Bangalore,Headphones,Accessories,9.0,4277.0,38493,10
665,2024-10-26,1776,Delhi,Laptop,Electronics,5.0,4831.0,24155,10
666,2024-10-27,1216,Bangalore,Headphones,Gadgets,7.0,644.0,4508,10
667,2024-10-28,1847,Bangalore,Mobile,Gadgets,7.0,3788.0,26516,10
668,2024-10-29,1670,Chennai,Mobile,Gadgets,7.0,1065.0,7455,10
669,2024-10-30,1790,Mumbai,Mobile,Accessories,5.0,1112.0,5560,10
670,2024-10-31,1273,Delhi,Tablet,Accessories,9.0,3128.0,28152,10
671,2024-11-01,1418,Bangalore,Mobile,Accessories,5.0,3447.0,17235,11
672,2024-11-02,1877,Delhi,Smartwatch,Electronics,2.0,765.0,1530,11
673,2024-11-03,1905,Hyderabad,Mobile,Gadgets,9.0,151.0,1359,11
674,2024-11-04,1323,Hyderabad,Smartwatch,Gadgets,5.0,3005.0,15025,11
675,2024-11-05,1949,Mumbai,Laptop,Electronics,1.0,3089.0,3089,11
676,2024-11-06,1533,Chennai,Laptop,Gadgets,2.0,1676.0,3352,11
677,2024-11-07,1156,Mumbai,Tablet,Gadgets,9.0,3847.0,34623,11
678,2024-11-08,1316,Mumbai,Smartwatch,Electronics,8.0,1790.0,14320,11
679,2024-11-09,1608,Bangalore,Mobile,Electronics,3.0,2491.0,7473,11
680,2024-11-10,1758,Bangalore,Laptop,Electronics,7.0,660.0,4620,11
681,2024-11-11,1045,Delhi,Mobile,Accessories,8.0,4300.0,34400,11
682,2024-11-12,1462,Bangalore,Tablet,Electronics,5.0,1865.0,9325,11
683,2024-11-13,1650,Mumbai,Smartwatch,Accessories,6.0,4311.0,25866,11
684,2024-11-14,1745,Hyderabad,Laptop,Electronics,2.0,119.0,238,11
685,2024-11-15,1499,Chennai,Laptop,Electronics,3.0,626.0,1878,11
686,2024-11-16,1327,Delhi,Smartwatch,Electronics,9.0,1847.0,16623,11
687,2024-11-17,1443,Chennai,Smartwatch,Accessories,6.0,1875.0,11250,11
688,2024-11-18,1307,Bangalore,Mobile,Electronics,2.0,4542.0,9084,11
689,2024-11-19,1311,Hyderabad,Tablet,Electronics,2.0,1520.0,3040,11
690,2024-11-20,1764,Bangalore,Tablet,Gadgets,4.0,2797.0,11188,11
691,2024-11-21,1987,Bangalore,Headphones,Gadgets,9.0,3429.0,30861,11
692,2024-11-22,1771,Chennai,Tablet,Electronics,2.0,1335.0,2670,11
693,2024-11-23,1024,Bangalore,Mobile,Accessories,2.0,1048.0,2096,11
694,2024-11-24,1802,Delhi,Mobile,Gadgets,2.0,1994.0,3988,11
695,2024-11-25,1276,Bangalore,Laptop,Electronics,9.0,1407.0,12663,11
696,2024-11-26,1799,Chennai,Smartwatch,Gadgets,9.0,1199.0,10791,11
697,2024-11-27,1462,Mumbai,Headphones,Accessories,3.0,4723.0,14169,11
698,2024-11-28,1725,Chennai,Tablet,Accessories,6.0,2551.0,15306,11
699,2024-11-29,1443,Chennai,Laptop,Gadgets,7.0,1676.0,11732,11
700,2024-11-30,1438,Mumbai,Laptop,Gadgets,4.0,477.0,1908,11
701,2024-12-01,1407,Mumbai,Laptop,Gadgets,4.0,489.0,1956,12
702,2024-12-02,1389,Delhi,Mobile,Electronics,9.0,2679.0,24111,12
703,2024-12-03,1528,Delhi,Mobile,Accessories,1.0,312.0,312,12
704,2024-12-04,1907,Bangalore,Headphones,Accessories,5.0,389.0,1945,12
705,2024-12-05,1677,Delhi,Mobile,Gadgets,9.0,4878.0,43902,12
706,2024-12-06,1510,Bangalore,Laptop,Electronics,6.0,4529.0,27174,12
707,2024-12-07,1214,Mumbai,Tablet,Accessories,2.0,323.0,646,12
708,2024-12-08,1565,Delhi,Mobile,Electronics,2.0,3006.0,6012,12
709,2024-12-09,1670,Hyderabad,Smartwatch,Electronics,7.0,2144.0,15008,12
710,2024-12-10,1916,Hyderabad,Laptop,Gadgets,2.0,4375.0,8750,12
711,2024-12-11,1690,Bangalore,Headphones,Electronics,3.0,3568.0,10704,12
712,2024-12-12,1157,Chennai,Laptop,Electronics,5.0,2013.0,10065,12
713,2024-12-13,1291,Mumbai,Headphones,Accessories,2.0,3053.0,6106,12
714,2024-12-14,1835,Mumbai,Headphones,Gadgets,6.0,1083.0,6498,12
715,2024-12-15,1265,Chennai,Mobile,Accessories,3.0,3208.0,9624,12
716,2024-12-16,1186,Bangalore,Tablet,Accessories,1.0,2142.0,2142,12
717,2024-12-17,1622,Bangalore,Headphones,Electronics,3.0,4152.0,12456,12
718,2024-12-18,1634,Delhi,Laptop,Electronics,2.0,1805.0,3610,12
719,2024-12-19,1956,Bangalore,Headphones,Gadgets,2.0,4658.0,9316,12
720,2024-12-20,1410,Delhi,Mobile,Accessories,5.0,289.0,1445,12
721,2024-12-21,1478,Hyderabad,Laptop,Accessories,8.0,2511.0,20088,12
722,2024-12-22,1946,Delhi,Mobile,Electronics,7.0,4444.0,31108,12
723,2024-12-23,1265,Chennai,Laptop,Electronics,2.0,2802.0,5604,12
724,2024-12-24,1474,Delhi,Headphones,Gadgets,5.0,2645.0,13225,12
725,2024-12-25,1331,Delhi,Headphones,Electronics,6.0,3955.0,23730,12
726,2024-12-26,1277,Chennai,Mobile,Electronics,9.0,4696.0,42264,12
727,2024-12-27,1615,Bangalore,Mobile,Gadgets,9.0,4200.0,37800,12
728,2024-12-28,1052,Hyderabad,Smartwatch,Accessories,9.0,554.0,4986,12
729,2024-12-29,1024,Chennai,Mobile,Accessories,8.0,4207.0,33656,12
730,2024-12-30,1767,Hyderabad,Smartwatch,Gadgets,7.0,2408.0,16856,12
731,2024-12-31,1070,Chennai,Smartwatch,Accessories,3.0,1830.0,5490,12
732,2025-01-01,1818,Bangalore,Tablet,Electronics,4.0,4354.0,17416,1
733,2025-01-02,1212,Hyderabad,Headphones,Electronics,1.0,555.0,555,1
734,2025-01-03,1827,Mumbai,Smartwatch,Electronics,4.0,4356.0,17424,1
735,2025-01-04,1644,Bangalore,Headphones,Accessories,8.0,4382.0,35056,1
736,2025-01-05,1686,Mumbai,Headphones,Gadgets,8.0,1542.0,12336,1
737,2025-01-06,1307,Chennai,Headphones,Gadgets,6.0,319.0,1914,1
738,2025-01-07,1864,Hyderabad,Mobile,Gadgets,6.0,1232.0,7392,1
739,2025-01-08,1365,Chennai,Laptop,Electronics,3.0,2791.0,8373,1
740,2025-01-09,1552,Delhi,Headphones,Gadgets,5.0,1385.0,6925,1
741,2025-01-10,1289,Hyderabad,Tablet,Accessories,1.0,319.0,319,1
742,2025-01-11,1048,Hyderabad,Tablet,Accessories,2.0,4648.0,9296,1
743,2025-01-12,1251,Mumbai,Tablet,Electronics,6.0,4489.0,26934,1
744,2025-01-13,1986,Delhi,Smartwatch,Electronics,4.0,4033.0,16132,1
745,2025-01-14,1970,Mumbai,Headphones,Gadgets,4.0,3401.0,13604,1
746,2025-01-15,1504,Mumbai,Tablet,Accessories,5.0,1953.0,9765,1
747,2025-01-16,1120,Bangalore,Laptop,Accessories,6.0,2240.0,13440,1
748,2025-01-17,1870,Chennai,Laptop,Accessories,1.0,983.0,983,1
749,2025-01-18,1591,Mumbai,Laptop,Accessories,6.0,4587.0,27522,1
750,2025-01-19,1860,Bangalore,Laptop,Electronics,6.0,4166.0,24996,1
751,2025-01-20,1379,Mumbai,Mobile,Gadgets,8.0,1018.0,8144,1
752,2025-01-21,1700,Delhi,Laptop,Accessories,6.0,1668.0,10008,1
753,2025-01-22,1134,Bangalore,Mobile,Accessories,5.0,975.0,4875,1
754,2025-01-23,1910,Delhi,Headphones,Accessories,4.0,2839.0,11356,1
755,2025-01-24,1633,Mumbai,Smartwatch,Gadgets,4.0,2481.0,9924,1
756,2025-01-25,1813,Bangalore,Laptop,Gadgets,4.0,247.0,988,1
757,2025-01-26,1741,Mumbai,Smartwatch,Accessories,6.0,3731.0,22386,1
758,2025-01-27,1403,Hyderabad,Laptop,Gadgets,3.0,1552.0,4656,1
759,2025-01-28,1258,Delhi,Smartwatch,Electronics,3.0,1679.0,5037,1
760,2025-01-29,1766,Delhi,Smartwatch,Accessories,9.0,3335.0,30015,1
761,2025-01-30,1870,Bangalore,Mobile,Electronics,1.0,3202.0,3202,1
762,2025-01-31,1049,Mumbai,Headphones,Accessories,7.0,3343.0,23401,1
763,2025-02-01,1491,Chennai,Laptop,Electronics,3.0,2424.0,7272,2
764,2025-02-02,1227,Delhi,Headphones,Gadgets,2.0,4173.0,8346,2
765,2025-02-03,1660,Chennai,Headphones,Accessories,5.0,989.0,4945,2
766,2025-02-04,1903,Mumbai,Headphones,Gadgets,7.0,187.0,1309,2
767,2025-02-05,1917,Hyderabad,Laptop,Accessories,7.0,1035.0,7245,2
768,2025-02-06,1829,Hyderabad,Headphones,Accessories,1.0,3441.0,3441,2
769,2025-02-07,1438,Chennai,Smartwatch,Electronics,1.0,3701.0,3701,2
770,2025-02-08,1083,Mumbai,Laptop,Electronics,8.0,2929.0,23432,2
771,2025-02-09,1361,Delhi,Mobile,Accessories,1.0,3300.0,3300,2
772,2025-02-10,1753,Bangalore,Headphones,Gadgets,3.0,1931.0,5793,2
773,2025-02-11,1369,Chennai,Tablet,Electronics,8.0,148.0,1184,2
774,2025-02-12,1678,Bangalore,Smartwatch,Electronics,6.0,162.0,972,2
775,2025-02-13,1057,Hyderabad,Headphones,Gadgets,2.0,2167.0,4334,2
776,2025-02-14,1503,Bangalore,Tablet,Accessories,7.0,2433.0,17031,2
777,2025-02-15,1643,Hyderabad,Smartwatch,Electronics,8.0,1984.0,15872,2
778,2025-02-16,1238,Delhi,Laptop,Gadgets,2.0,1680.0,3360,2
779,2025-02-17,1757,Delhi,Headphones,Electronics,9.0,3947.0,35523,2
780,2025-02-18,1261,Delhi,Headphones,Accessories,1.0,651.0,651,2
781,2025-02-19,1819,Delhi,Smartwatch,Gadgets,3.0,3783.0,11349,2
782,2025-02-20,1764,Mumbai,Laptop,Gadgets,6.0,3874.0,23244,2
783,2025-02-21,1943,Delhi,Headphones,Accessories,1.0,1277.0,1277,2
784,2025-02-22,1764,Delhi,Smartwatch,Gadgets,1.0,894.0,894,2
785,2025-02-23,1734,Mumbai,Tablet,Gadgets,5.0,4279.0,21395,2
786,2025-02-24,1034,Delhi,Mobile,Gadgets,5.0,1945.0,9725,2
787,2025-02-25,1818,Chennai,Smartwatch,Gadgets,7.0,1156.0,8092,2
788,2025-02-26,1877,Mumbai,Smartwatch,Accessories,4.0,1477.0,5908,2
789,2025-02-27,1156,Hyderabad,Tablet,Electronics,4.0,1146.0,4584,2
790,2025-02-28,1352,Hyderabad,Headphones,Gadgets,5.0,4547.0,22735,2
791,2025-03-01,1143,Hyderabad,Smartwatch,Electronics,5.0,715.0,3575,3
792,2025-03-02,1609,Bangalore,Smartwatch,Accessories,2.0,1056.0,2112,3
793,2025-03-03,1990,Hyderabad,Laptop,Accessories,3.0,3901.0,11703,3
794,2025-03-04,1706,Chennai,Mobile,Gadgets,5.0,1085.0,5425,3
795,2025-03-05,1864,Bangalore,Headphones,Accessories,7.0,2807.0,19649,3
796,2025-03-06,1570,Chennai,Tablet,Gadgets,4.0,1785.0,7140,3
797,2025-03-07,1342,Mumbai,Headphones,Accessories,6.0,664.0,3984,3
798,2025-03-08,1793,Chennai,Mobile,Electronics,6.0,4018.0,24108,3
799,2025-03-09,1198,Bangalore,Mobile,Gadgets,8.0,2881.0,23048,3
800,2025-03-10,1910,Bangalore,Headphones,Accessories,3.0,2205.0,6615,3
801,2025-03-11,1563,Mumbai,Tablet,Electronics,2.0,4466.0,8932,3
802,2025-03-12,1596,Delhi,Mobile,Accessories,9.0,4649.0,41841,3
803,2025-03-13,1501,Bangalore,Tablet,Accessories,4.0,2901.0,11604,3
804,2025-03-14,1619,Delhi,Laptop,Accessories,5.0,2687.0,13435,3
805,2025-03-15,1704,Hyderabad,Smartwatch,Accessories,7.0,3715.0,26005,3
806,2025-03-16,1173,Bangalore,Smartwatch,Gadgets,1.0,4407.0,4407,3
807,2025-03-17,1034,Bangalore,Laptop,Electronics,7.0,3626.0,25382,3
808,2025-03-18,1325,Chennai,Laptop,Gadgets,1.0,1549.0,1549,3
809,2025-03-19,1043,Hyderabad,Mobile,Gadgets,9.0,4520.0,40680,3
810,2025-03-20,1549,Chennai,Laptop,Electronics,9.0,3724.0,33516,3
811,2025-03-21,1666,Hyderabad,Tablet,Electronics,4.0,2917.0,11668,3
812,2025-03-22,1337,Hyderabad,Mobile,Electronics,7.0,2406.0,16842,3
813,2025-03-23,1675,Chennai,Tablet,Gadgets,8.0,3567.0,28536,3
814,2025-03-24,1366,Chennai,Laptop,Electronics,4.0,3230.0,12920,3
815,2025-03-25,1750,Bangalore,Headphones,Electronics,4.0,2686.0,10744,3
816,2025-03-26,1804,Mumbai,Headphones,Gadgets,9.0,102.0,918,3
817,2025-03-27,1084,Bangalore,Tablet,Accessories,5.0,2289.0,11445,3
818,2025-03-28,1023,Chennai,Mobile,Gadgets,8.0,2579.0,20632,3
819,2025-03-29,1484,Bangalore,Headphones,Electronics,9.0,4965.0,44685,3
820,2025-03-30,1173,Delhi,Laptop,Accessories,7.0,3982.0,27874,3
821,2025-03-31,1507,Bangalore,Laptop,Gadgets,4.0,1800.0,7200,3
822,2025-04-01,1377,Mumbai,Headphones,Electronics,1.0,1723.0,1723,4
823,2025-04-02,1890,Hyderabad,Laptop,Electronics,3.0,2395.0,7185,4
824,2025-04-03,1816,Hyderabad,Laptop,Electronics,6.0,4347.0,26082,4
825,2025-04-04,1597,Hyderabad,Smartwatch,Gadgets,8.0,4021.0,32168,4
826,2025-04-05,1893,Chennai,Mobile,Accessories,1.0,2938.0,2938,4
827,2025-04-06,1176,Mumbai,Laptop,Electronics,3.0,1801.0,5403,4
828,2025-04-07,1419,Delhi,Mobile,Accessories,5.0,2540.0,12700,4
829,2025-04-08,1756,Delhi,Smartwatch,Gadgets,2.0,492.0,984,4
830,2025-04-09,1882,Delhi,Smartwatch,Gadgets,4.0,4426.0,17704,4
831,2025-04-10,1962,Bangalore,Headphones,Accessories,1.0,3216.0,3216,4
832,2025-04-11,1414,Hyderabad,Headphones,Electronics,5.0,471.0,2355,4
833,2025-04-12,1532,Hyderabad,Laptop,Electronics,3.0,810.0,2430,4
834,2025-04-13,1082,Chennai,Smartwatch,Electronics,8.0,4667.0,37336,4
835,2025-04-14,1519,Delhi,Mobile,Electronics,4.0,1991.0,7964,4
836,2025-04-15,1845,Chennai,Tablet,Gadgets,8.0,2644.0,21152,4
837,2025-04-16,1304,Delhi,Laptop,Accessories,7.0,3488.0,24416,4
838,2025-04-17,1580,Bangalore,Mobile,Gadgets,9.0,2578.0,23202,4
839,2025-04-18,1671,Mumbai,Tablet,Electronics,7.0,2023.0,14161,4
840,2025-04-19,1709,Hyderabad,Laptop,Electronics,8.0,2751.0,22008,4
841,2025-04-20,1274,Hyderabad,Laptop,Gadgets,7.0,3611.0,25277,4
842,2025-04-21,1158,Mumbai,Tablet,Gadgets,6.0,2691.0,16146,4
843,2025-04-22,1458,Mumbai,Laptop,Electronics,8.0,968.0,7744,4
844,2025-04-23,1931,Bangalore,Tablet,Gadgets,3.0,2109.0,6327,4
845,2025-04-24,1827,Hyderabad,Laptop,Electronics,7.0,4257.0,29799,4
846,2025-04-25,1436,Hyderabad,Tablet,Accessories,9.0,1383.0,12447,4
847,2025-04-26,1958,Bangalore,Laptop,Accessories,1.0,3812.0,3812,4
848,2025-04-27,1804,Chennai,Tablet,Gadgets,2.0,1050.0,2100,4
849,2025-04-28,1812,Mumbai,Tablet,Accessories,9.0,3115.0,28035,4
850,2025-04-29,1319,Delhi,Headphones,Electronics,5.0,395.0,1975,4
851,2025-04-30,1326,Hyderabad,Smartwatch,Electronics,6.0,1078.0,6468,4
852,2025-05-01,1608,Hyderabad,Headphones,Accessories,1.0,1757.0,1757,5
853,2025-05-02,1842,Delhi,Tablet,Accessories,2.0,2990.0,5980,5
854,2025-05-03,1769,Mumbai,Laptop,Electronics,1.0,925.0,925,5
855,2025-05-04,1360,Delhi,Mobile,Electronics,4.0,774.0,3096,5
856,2025-05-05,1844,Bangalore,Tablet,Accessories,8.0,2275.0,18200,5
857,2025-05-06,1676,Chennai,Laptop,Accessories,5.0,4907.0,24535,5
858,2025-05-07,1551,Delhi,Headphones,Accessories,9.0,1071.0,9639,5
859,2025-05-08,1630,Chennai,Laptop,Accessories,7.0,3343.0,23401,5
860,2025-05-09,1546,Delhi,Tablet,Accessories,6.0,4889.0,29334,5
861,2025-05-10,1823,Mumbai,Laptop,Electronics,9.0,399.0,3591,5
862,2025-05-11,1751,Chennai,Tablet,Accessories,9.0,3362.0,30258,5
863,2025-05-12,1780,Bangalore,Tablet,Gadgets,7.0,3466.0,24262,5
864,2025-05-13,1871,Delhi,Smartwatch,Gadgets,1.0,873.0,873,5
865,2025-05-14,1562,Mumbai,Smartwatch,Gadgets,1.0,4892.0,4892,5
866,2025-05-15,1778,Chennai,Smartwatch,Accessories,7.0,1787.0,12509,5
867,2025-05-16,1847,Mumbai,Mobile,Gadgets,8.0,795.0,6360,5
868,2025-05-17,1816,Delhi,Headphones,Electronics,5.0,654.0,3270,5
869,2025-05-18,1200,Hyderabad,Mobile,Gadgets,3.0,4178.0,12534,5
870,2025-05-19,1215,Mumbai,Tablet,Accessories,3.0,1665.0,4995,5
871,2025-05-20,1865,Bangalore,Laptop,Accessories,5.0,1489.0,7445,5
872,2025-05-21,1652,Bangalore,Laptop,Accessories,3.0,3039.0,9117,5
873,2025-05-22,1955,Bangalore,Laptop,Electronics,1.0,4774.0,4774,5
874,2025-05-23,1047,Bangalore,Laptop,Electronics,2.0,2895.0,5790,5
875,2025-05-24,1153,Hyderabad,Smartwatch,Gadgets,1.0,3592.0,3592,5
876,2025-05-25,1607,Hyderabad,Laptop,Gadgets,7.0,2775.0,19425,5
877,2025-05-26,1222,Mumbai,Laptop,Electronics,3.0,4834.0,14502,5
878,2025-05-27,1292,Mumbai,Tablet,Gadgets,4.0,4632.0,18528,5
879,2025-05-28,1726,Delhi,Tablet,Accessories,7.0,1343.0,9401,5
880,2025-05-29,1210,Bangalore,Laptop,Accessories,4.0,4985.0,19940,5
881,2025-05-30,1424,Hyderabad,Laptop,Accessories,4.0,854.0,3416,5
882,2025-05-31,1621,Hyderabad,Mobile,Gadgets,1.0,3797.0,3797,5
883,2025-06-01,1028,Delhi,Laptop,Electronics,1.0,1000.0,1000,6
884,2025-06-02,1699,Hyderabad,Laptop,Accessories,5.0,2965.0,14825,6
885,2025-06-03,1557,Hyderabad,Headphones,Electronics,1.0,1798.0,1798,6
886,2025-06-04,1756,Hyderabad,Laptop,Gadgets,2.0,251.0,502,6
887,2025-06-05,1595,Bangalore,Tablet,Accessories,6.0,4530.0,27180,6
888,2025-06-06,1787,Mumbai,Smartwatch,Accessories,6.0,3760.0,22560,6
889,2025-06-07,1947,Chennai,Laptop,Gadgets,8.0,2548.0,20384,6
890,2025-06-08,1136,Hyderabad,Smartwatch,Electronics,9.0,3415.0,30735,6
891,2025-06-09,1188,Chennai,Smartwatch,Gadgets,3.0,1940.0,5820,6
892,2025-06-10,1679,Bangalore,Headphones,Gadgets,6.0,1692.0,10152,6
893,2025-06-11,1054,Mumbai,Tablet,Accessories,8.0,225.0,1800,6
894,2025-06-12,1023,Delhi,Headphones,Accessories,7.0,3876.0,27132,6
895,2025-06-13,1852,Mumbai,Mobile,Accessories,7.0,2809.0,19663,6
896,2025-06-14,1672,Bangalore,Tablet,Gadgets,4.0,1801.0,7204,6
897,2025-06-15,1077,Chennai,Tablet,Accessories,1.0,955.0,955,6
898,2025-06-16,1767,Delhi,Smartwatch,Accessories,1.0,437.0,437,6
899,2025-06-17,1066,Delhi,Tablet,Gadgets,7.0,3423.0,23961,6
900,2025-06-18,1438,Mumbai,Smartwatch,Gadgets,2.0,3098.0,6196,6
901,2025-06-19,1981,Bangalore,Smartwatch,Gadgets,3.0,1865.0,5595,6
902,2025-06-20,1214,Bangalore,Headphones,Gadgets,8.0,2388.0,19104,6
903,2025-06-21,1607,Bangalore,Headphones,Accessories,3.0,285.0,855,6
904,2025-06-22,1752,Mumbai,Mobile,Accessories,8.0,4012.0,32096,6
905,2025-06-23,1061,Delhi,Laptop,Electronics,2.0,3147.0,6294,6
906,2025-06-24,1642,Hyderabad,Tablet,Gadgets,9.0,1311.0,11799,6
907,2025-06-25,1727,Delhi,Headphones,Electronics,9.0,3303.0,29727,6
908,2025-06-26,1088,Bangalore,Laptop,Gadgets,3.0,2250.0,6750,6
909,2025-06-27,1847,Delhi,Headphones,Accessories,6.0,1927.0,11562,6
910,2025-06-28,1491,Mumbai,Tablet,Accessories,2.0,1250.0,2500,6
911,2025-06-29,1809,Chennai,Headphones,Gadgets,3.0,425.0,1275,6
912,2025-06-30,1766,Bangalore,Headphones,Gadgets,3.0,4562.0,13686,6
913,2025-07-01,1702,Bangalore,Smartwatch,Gadgets,7.0,530.0,3710,7
914,2025-07-02,1363,Delhi,Mobile,Accessories,5.0,4393.0,21965,7
915,2025-07-03,1805,Hyderabad,Tablet,Gadgets,2.0,3912.0,7824,7
916,2025-07-04,1896,Delhi,Laptop,Gadgets,7.0,4797.0,33579,7
917,2025-07-05,1300,Mumbai,Laptop,Gadgets,9.0,2103.0,18927,7
918,2025-07-06,1481,Hyderabad,Laptop,Gadgets,1.0,2238.0,2238,7
919,2025-07-07,1978,Bangalore,Mobile,Gadgets,3.0,3285.0,9855,7
920,2025-07-08,1181,Hyderabad,Headphones,Accessories,5.0,2045.0,10225,7
921,2025-07-09,1957,Mumbai,Laptop,Electronics,6.0,3553.0,21318,7
922,2025-07-10,1740,Bangalore,Headphones,Accessories,2.0,4608.0,9216,7
923,2025-07-11,1535,Chennai,Headphones,Gadgets,9.0,411.0,3699,7
924,2025-07-12,1272,Mumbai,Smartwatch,Accessories,2.0,3585.0,7170,7
925,2025-07-13,1470,Hyderabad,Headphones,Accessories,6.0,3608.0,21648,7
926,2025-07-14,1641,Chennai,Tablet,Electronics,4.0,3995.0,15980,7
927,2025-07-15,1753,Hyderabad,Headphones,Accessories,1.0,3373.0,3373,7
928,2025-07-16,1602,Mumbai,Laptop,Electronics,4.0,2580.0,10320,7
929,2025-07-17,1652,Bangalore,Mobile,Accessories,7.0,3564.0,24948,7
930,2025-07-18,1363,Delhi,Mobile,Accessories,7.0,4077.0,28539,7
931,2025-07-19,1625,Delhi,Laptop,Accessories,5.0,4450.0,22250,7
932,2025-07-20,1338,Bangalore,Mobile,Electronics,7.0,3270.0,22890,7
933,2025-07-21,1895,Bangalore,Smartwatch,Gadgets,8.0,4715.0,37720,7
934,2025-07-22,1721,Bangalore,Mobile,Accessories,1.0,1032.0,1032,7
935,2025-07-23,1796,Delhi,Smartwatch,Electronics,7.0,4299.0,30093,7
936,2025-07-24,1279,Hyderabad,Mobile,Accessories,3.0,4892.0,14676,7
937,2025-07-25,1780,Bangalore,Headphones,Accessories,9.0,918.0,8262,7
938,2025-07-26,1165,Delhi,Tablet,Electronics,1.0,2461.0,2461,7
939,2025-07-27,1635,Delhi,Headphones,Accessories,6.0,2945.0,17670,7
940,2025-07-28,1552,Mumbai,Headphones,Electronics,7.0,3368.0,23576,7
941,2025-07-29,1089,Delhi,Laptop,Gadgets,4.0,2186.0,8744,7
942,2025-07-30,1325,Bangalore,Tablet,Electronics,2.0,4372.0,8744,7
943,2025-07-31,1738,Mumbai,Headphones,Accessories,7.0,3222.0,22554,7
944,2025-08-01,1865,Chennai,Headphones,Gadgets,7.0,4127.0,28889,8
945,2025-08-02,1308,Hyderabad,Tablet,Electronics,7.0,4474.0,31318,8
946,2025-08-03,1713,Delhi,Tablet,Accessories,4.0,3881.0,15524,8
947,2025-08-04,1969,Mumbai,Laptop,Accessories,6.0,2611.0,15666,8
948,2025-08-05,1440,Delhi,Laptop,Electronics,2.0,1310.0,2620,8
949,2025-08-06,1734,Mumbai,Laptop,Electronics,9.0,4247.0,38223,8
950,2025-08-07,1364,Delhi,Smartwatch,Gadgets,3.0,1941.0,5823,8
951,2025-08-08,1865,Delhi,Headphones,Accessories,5.0,1242.0,6210,8
952,2025-08-09,1794,Delhi,Tablet,Gadgets,6.0,688.0,4128,8
953,2025-08-10,1121,Chennai,Laptop,Accessories,7.0,2012.0,14084,8
954,2025-08-11,1143,Hyderabad,Headphones,Accessories,5.0,3142.0,15710,8
955,2025-08-12,1633,Bangalore,Tablet,Gadgets,6.0,4256.0,25536,8
956,2025-08-13,1139,Delhi,Smartwatch,Electronics,6.0,1106.0,6636,8
957,2025-08-14,1495,Delhi,Mobile,Gadgets,7.0,3561.0,24927,8
958,2025-08-15,1144,Chennai,Laptop,Accessories,2.0,4843.0,9686,8
959,2025-08-16,1405,Delhi,Headphones,Electronics,9.0,3037.0,27333,8
960,2025-08-17,1462,Bangalore,Mobile,Gadgets,1.0,3452.0,3452,8
961,2025-08-18,1971,Chennai,Laptop,Gadgets,7.0,4791.0,33537,8
962,2025-08-19,1713,Bangalore,Laptop,Accessories,8.0,1612.0,12896,8
963,2025-08-20,1369,Hyderabad,Tablet,Accessories,8.0,1254.0,10032,8
964,2025-08-21,1739,Delhi,Mobile,Accessories,2.0,3909.0,7818,8
965,2025-08-22,1736,Mumbai,Mobile,Accessories,6.0,946.0,5676,8
966,2025-08-23,1118,Chennai,Smartwatch,Gadgets,7.0,882.0,6174,8
967,2025-08-24,1449,Mumbai,Mobile,Accessories,1.0,3422.0,3422,8
968,2025-08-25,1671,Delhi,Tablet,Gadgets,1.0,2697.0,2697,8
969,2025-08-26,1104,Hyderabad,Headphones,Accessories,2.0,368.0,736,8
970,2025-08-27,1676,Bangalore,Smartwatch,Gadgets,4.0,4140.0,16560,8
971,2025-08-28,1202,Chennai,Headphones,Accessories,1.0,661.0,661,8
972,2025-08-29,1431,Chennai,Tablet,Gadgets,6.0,970.0,5820,8
973,2025-08-30,1061,Bangalore,Headphones,Accessories,5.0,920.0,4600,8
974,2025-08-31,1680,Mumbai,Tablet,Accessories,4.0,1527.0,6108,8
975,2025-09-01,1957,Hyderabad,Smartwatch,Gadgets,9.0,4123.0,37107,9
976,2025-09-02,1132,Bangalore,Mobile,Accessories,3.0,4589.0,13767,9
977,2025-09-03,1389,Bangalore,Mobile,Gadgets,6.0,2894.0,17364,9
978,2025-09-04,1071,Mumbai,Mobile,Accessories,4.0,4989.0,19956,9
979,2025-09-05,1248,Bangalore,Laptop,Electronics,3.0,3137.0,9411,9
980,2025-09-06,1030,Mumbai,Headphones,Gadgets,2.0,1437.0,2874,9
981,2025-09-07,1949,Mumbai,Tablet,Accessories,5.0,3492.0,17460,9
982,2025-09-08,1735,Delhi,Mobile,Gadgets,6.0,1417.0,8502,9
983,2025-09-09,1574,Delhi,Smartwatch,Accessories,3.0,326.0,978,9
984,2025-09-10,1059,Bangalore,Smartwatch,Gadgets,8.0,1708.0,13664,9
985,2025-09-11,1206,Bangalore,Smartwatch,Accessories,3.0,3878.0,11634,9
986,2025-09-12,1218,Bangalore,Mobile,Accessories,4.0,4476.0,17904,9
987,2025-09-13,1652,Bangalore,Tablet,Electronics,3.0,3412.0,10236,9
988,2025-09-14,1816,Bangalore,Tablet,Accessories,9.0,1051.0,9459,9
989,2025-09-15,1990,Chennai,Laptop,Accessories,3.0,1769.0,5307,9
990,2025-09-16,1935,Mumbai,Smartwatch,Accessories,6.0,2824.0,16944,9
991,2025-09-17,1997,Mumbai,Headphones,Gadgets,3.0,3399.0,10197,9
992,2025-09-18,1560,Chennai,Tablet,Electronics,8.0,445.0,3560,9
993,2025-09-19,1332,Delhi,Tablet,Accessories,8.0,2025.0,16200,9
994,2025-09-20,1893,Bangalore,Headphones,Electronics,3.0,1676.0,5028,9
995,2025-09-21,1632,Chennai,Mobile,Gadgets,5.0,2047.0,10235,9
996,2025-09-22,1683,Hyderabad,Headphones,Accessories,2.0,3918.0,7836,9
997,2025-09-23,1709,Chennai,Tablet,Electronics,8.0,1768.0,14144,9
998,2025-09-24,1738,Mumbai,Mobile,Accessories,9.0,3036.0,27324,9
999,2025-09-25,1984,Bangalore,Headphones,Accessories,5.0,292.0,1460,9
1000,2025-09-26,1946,Hyderabad,Mobile,Electronics,9.0,403.0,3627,9
